"Nompro","Fechfa","Cantid","Pcosto"
ARSEN INDUSTRIAL,2010-01-26 00:00:00.000,300.0,4.98
SKOPAR,2010-02-04 00:00:00.000,150.0,0.62
SKOPAR,2010-02-04 00:00:00.000,150.0,14.54
SKOPAR,2010-02-04 00:00:00.000,60.0,0.63
SKOPAR,2010-02-04 00:00:00.000,60.0,0.75
SKOPAR,2010-02-04 00:00:00.000,100.0,1.39
SKOPAR,2010-02-04 00:00:00.000,40.0,0.36
SKOPAR,2010-02-04 00:00:00.000,30.0,0.93
SKOPAR,2010-02-04 00:00:00.000,30.0,7.22
SKOPAR,2010-02-04 00:00:00.000,35.0,4.54
SKOPAR,2010-02-04 00:00:00.000,50.0,0.22
SKOPAR,2010-02-04 00:00:00.000,20.0,25.55
SKOPAR,2010-02-04 00:00:00.000,30.0,2.36
SKOPAR,2010-02-04 00:00:00.000,60.0,9.03
SKOPAR,2010-02-04 00:00:00.000,400.0,1.17
SKOPAR,2010-02-04 00:00:00.000,125.0,0.58
SKOPAR,2010-02-04 00:00:00.000,100.0,0.82
SKOPAR,2010-02-04 00:00:00.000,200.0,0.36
SKOPAR,2010-02-04 00:00:00.000,30.0,5.69
SKOPAR,2010-02-04 00:00:00.000,60.0,0.62
SKOPAR,2010-02-04 00:00:00.000,150.0,1.17
SKOPAR,2010-02-04 00:00:00.000,150.0,0.98
SKOPAR,2010-02-04 00:00:00.000,40.0,1.48
SKOPAR,2010-02-04 00:00:00.000,144.0,5.06
SKOPAR,2010-02-04 00:00:00.000,60.0,6.03
SKOPAR,2010-02-04 00:00:00.000,30.0,4.03
SKOPAR,2010-02-04 00:00:00.000,90.0,0.27
SKOPAR,2010-02-04 00:00:00.000,120.0,2.18
SKOPAR,2010-02-04 00:00:00.000,120.0,1.5
SKOPAR,2010-02-04 00:00:00.000,40.0,2.63
SKOPAR,2010-02-04 00:00:00.000,50.0,2.34
SKOPAR,2010-02-04 00:00:00.000,50.0,2.7
SKOPAR,2010-02-04 00:00:00.000,100.0,2.47
SKOPAR,2010-02-04 00:00:00.000,30.0,3.04
SKOPAR,2010-02-04 00:00:00.000,30.0,0.35
SKOPAR,2010-02-04 00:00:00.000,200.0,0.27
SKOPAR,2010-02-04 00:00:00.000,50.0,2.59
SKOPAR,2010-02-04 00:00:00.000,80.0,2.06
SKOPAR,2010-02-04 00:00:00.000,100.0,1.02
SKOPAR,2010-02-04 00:00:00.000,100.0,1.77
SKOPAR,2010-02-04 00:00:00.000,60.0,3.09
SKOPAR,2010-02-04 00:00:00.000,100.0,3.18
SKOPAR,2010-02-04 00:00:00.000,50.0,2.13
SKOPAR,2010-02-04 00:00:00.000,50.0,1.3
SKOPAR,2010-02-04 00:00:00.000,120.0,0.66
SKOPAR,2010-02-04 00:00:00.000,50.0,1.77
SKOPAR,2010-02-04 00:00:00.000,20.0,43.83
SKOPAR,2010-02-04 00:00:00.000,300.0,0.37
SKOPAR,2010-02-04 00:00:00.000,100.0,0.7
SKOPAR,2010-02-04 00:00:00.000,200.0,0.51
SKOPAR,2010-02-04 00:00:00.000,120.0,44.96
SKOPAR,2010-02-04 00:00:00.000,200.0,0.55
SKOPAR,2010-02-04 00:00:00.000,20.0,17.62
SKOPAR,2010-02-04 00:00:00.000,100.0,0.51
SKOPAR,2010-02-04 00:00:00.000,5.0,11.56
SKOPAR,2010-02-04 00:00:00.000,120.0,0.65
SKOPAR,2010-02-04 00:00:00.000,20.0,6.81
SKOPAR,2010-02-04 00:00:00.000,30.0,1.64
SKOPAR,2010-02-04 00:00:00.000,30.0,0.54
SKOPAR,2010-02-04 00:00:00.000,150.0,2.5
SKOPAR,2010-02-04 00:00:00.000,20.0,2.23
SKOPAR,2010-02-04 00:00:00.000,100.0,6.92
SKOPAR,2010-02-04 00:00:00.000,120.0,14.82
SKOPAR,2010-02-04 00:00:00.000,70.0,0.51
SKOPAR,2010-02-04 00:00:00.000,10.0,11.35
SKOPAR,2010-02-04 00:00:00.000,20.0,11.35
SKOPAR,2010-02-04 00:00:00.000,50.0,3.9
SKOPAR,2010-02-04 00:00:00.000,60.0,0.52
SKOPAR,2010-02-04 00:00:00.000,40.0,3.04
SKOPAR,2010-02-04 00:00:00.000,30.0,26.96
SKOPAR,2010-02-04 00:00:00.000,200.0,8.25
SKOPAR,2010-02-04 00:00:00.000,20.0,2.09
SKOPAR,2010-02-04 00:00:00.000,152.0,12.17
SKOPAR,2010-02-04 00:00:00.000,60.0,1.67
SKOPAR,2010-02-04 00:00:00.000,30.0,7.08
SKOPAR,2010-02-04 00:00:00.000,32.0,19.15
SKOPAR,2010-02-04 00:00:00.000,30.0,2.7
SKOPAR,2010-02-04 00:00:00.000,30.0,2.32
SKOPAR,2010-02-04 00:00:00.000,120.0,1.63
SKOPAR,2010-02-04 00:00:00.000,100.0,0.66
SKOPAR,2010-02-04 00:00:00.000,500.0,0.15
SKOPAR,2010-02-04 00:00:00.000,60.0,9.03
SKOPAR,2010-02-04 00:00:00.000,200.0,13.22
SKOPAR,2010-02-04 00:00:00.000,50.0,1.85
SKOPAR,2010-02-04 00:00:00.000,20.0,6.95
SKOPAR,2010-02-04 00:00:00.000,50.0,3.64
SKOPAR,2010-02-04 00:00:00.000,40.0,3.23
SKOPAR,2010-02-04 00:00:00.000,400.0,0.46
SKOPAR,2010-02-04 00:00:00.000,104.0,12.17
SKOPAR,2010-02-04 00:00:00.000,54.0,9.49
SKOPAR,2010-02-04 00:00:00.000,40.0,0.85
SKOPAR,2010-02-04 00:00:00.000,20.0,0.62
SKOPAR,2010-02-04 00:00:00.000,20.0,9.41
SKOPAR,2010-02-04 00:00:00.000,20.0,2.22
SKOPAR,2010-02-04 00:00:00.000,20.0,2.22
SKOPAR,2010-02-04 00:00:00.000,10.0,7.33
SKOPAR,2010-02-04 00:00:00.000,20.0,31.34
SKOPAR,2010-02-04 00:00:00.000,20.0,29.941
SKOPAR,2010-02-04 00:00:00.000,30.0,0.36
SKOPAR,2010-02-04 00:00:00.000,40.0,1.45
SKOPAR,2010-02-04 00:00:00.000,10.0,1.85
SKOPAR,2010-02-04 00:00:00.000,150.0,7.05
SKOPAR,2010-02-04 00:00:00.000,60.0,2.97
SKOPAR,2010-02-04 00:00:00.000,100.0,8.19
SKOPAR,2010-02-04 00:00:00.000,100.0,0.86
SKOPAR,2010-02-04 00:00:00.000,10.0,2.13
SKOPAR,2010-02-04 00:00:00.000,20.0,16.91
SKOPAR,2010-02-04 00:00:00.000,200.0,0.88
SKOPAR,2010-02-04 00:00:00.000,12.0,20.31
SKOPAR,2010-02-04 00:00:00.000,150.0,2.7
SKOPAR,2010-02-04 00:00:00.000,400.0,1.93
SKOPAR,2010-02-04 00:00:00.000,150.0,2.82
SKOPAR,2010-02-04 00:00:00.000,30.0,0.75
SKOPAR,2010-02-04 00:00:00.000,30.0,7.11
SKOPAR,2010-02-04 00:00:00.000,20.0,11.44
SKOPAR,2010-02-04 00:00:00.000,50.0,10.14
SKOPAR,2010-02-04 00:00:00.000,20.0,48.97
SKOPAR,2010-02-04 00:00:00.000,50.0,14.94
SKOPAR,2010-02-04 00:00:00.000,120.0,14.03
SKOPAR,2010-02-04 00:00:00.000,54.0,19.14
SKOPAR,2010-02-04 00:00:00.000,150.0,20.15
SKOPAR,2010-02-04 00:00:00.000,100.0,0.96
SKOPAR,2010-02-04 00:00:00.000,10.0,11.26
SKOPAR,2010-02-04 00:00:00.000,30.0,3.0
SKOPAR,2010-02-04 00:00:00.000,20.0,3.02
SKOPAR,2010-02-04 00:00:00.000,10.0,1.75
SKOPAR,2010-02-04 00:00:00.000,20.0,20.92
SKOPAR,2010-02-04 00:00:00.000,50.0,0.39
SKOPAR,2010-02-04 00:00:00.000,50.0,0.93
SKOPAR,2010-02-04 00:00:00.000,30.0,16.71
SKOPAR,2010-02-04 00:00:00.000,120.0,16.21
SKOPAR,2010-02-04 00:00:00.000,204.0,17.63
SKOPAR,2010-02-04 00:00:00.000,100.0,1.26
SKOPAR,2010-02-04 00:00:00.000,50.0,16.91
SKOPAR,2010-02-04 00:00:00.000,50.0,2.32
SKOPAR,2010-02-04 00:00:00.000,15.0,0.55
SKOPAR,2010-02-04 00:00:00.000,10.0,11.77
SKOPAR,2010-02-04 00:00:00.000,10.0,11.77
SKOPAR,2010-02-04 00:00:00.000,30.0,1.81
SKOPAR,2010-02-04 00:00:00.000,10.0,51.56
SKOPAR,2010-02-04 00:00:00.000,164.0,3.59
SKOPAR,2010-02-04 00:00:00.000,210.0,2.7
SKOPAR,2010-02-04 00:00:00.000,25.0,0.34
SKOPAR,2010-02-04 00:00:00.000,95.0,3.6
SKOPAR,2010-02-04 00:00:00.000,100.0,2.32
SKOPAR,2010-02-04 00:00:00.000,80.0,1.52
SKOPAR,2010-02-04 00:00:00.000,20.0,3.23
SKOPAR,2010-02-04 00:00:00.000,96.0,0.75
SKOPAR,2010-02-04 00:00:00.000,90.0,0.32
SKOPAR,2010-02-04 00:00:00.000,40.0,8.55
SKOPAR,2010-02-04 00:00:00.000,20.0,12.51
SKOPAR,2010-02-04 00:00:00.000,100.0,14.21
SKOPAR,2010-02-04 00:00:00.000,100.0,0.46
SKOPAR,2010-02-05 00:00:00.000,10.0,10.34
SKOPAR,2010-02-05 00:00:00.000,50.0,1.63
SKOPAR,2010-02-05 00:00:00.000,20.0,4.97
SKOPAR,2010-02-05 00:00:00.000,102.0,18.5
SKOPAR,2010-02-05 00:00:00.000,102.0,20.39
SKOPAR,2010-02-05 00:00:00.000,38.0,11.03
SKOPAR,2010-02-05 00:00:00.000,10.0,31.77
SKOPAR,2010-02-05 00:00:00.000,10.0,31.77
SKOPAR,2010-02-05 00:00:00.000,19.0,42.53
SKOPAR,2010-02-05 00:00:00.000,20.0,39.19
SKOPAR,2010-02-05 00:00:00.000,20.0,39.19
SKOPAR,2010-02-05 00:00:00.000,10.0,9.37
SKOPAR,2010-02-05 00:00:00.000,10.0,9.37
SKOPAR,2010-02-05 00:00:00.000,10.0,10.1
SKOPAR,2010-02-05 00:00:00.000,20.0,13.99
SKOPAR,2010-02-05 00:00:00.000,20.0,1.85
SKOPAR,2010-02-05 00:00:00.000,5.0,2.8
SKOPAR,2010-02-05 00:00:00.000,10.0,18.49
SKOPAR,2010-02-05 00:00:00.000,60.0,0.39
SKOPAR,2010-02-05 00:00:00.000,20.0,2.47
SKOPAR,2010-02-05 00:00:00.000,100.0,1.5
SKOPAR,2010-02-05 00:00:00.000,40.0,14.96
SKOPAR,2010-02-05 00:00:00.000,45.0,13.02
SKOPAR,2010-02-05 00:00:00.000,50.0,2.63
SKOPAR,2010-02-05 00:00:00.000,50.0,2.36
SKOPAR,2010-02-05 00:00:00.000,8.0,11.06
SKOPAR,2010-02-05 00:00:00.000,400.0,0.75
SKOPAR,2010-02-05 00:00:00.000,15.0,12.65
SKOPAR,2010-02-05 00:00:00.000,36.0,4.64
SKOPAR,2010-02-05 00:00:00.000,100.0,10.96
SKOPAR,2010-02-05 00:00:00.000,50.0,5.84
SKOPAR,2010-02-05 00:00:00.000,20.0,3.31
SKOPAR,2010-02-05 00:00:00.000,75.0,6.1
SKOPAR,2010-02-05 00:00:00.000,20.0,3.74
SKOPAR,2010-02-05 00:00:00.000,360.0,0.84
SKOPAR,2010-02-05 00:00:00.000,10.0,3.75
SKOPAR,2010-02-05 00:00:00.000,70.0,12.95
SKOPAR,2010-02-05 00:00:00.000,360.0,1.64
SKOPAR,2010-02-05 00:00:00.000,3.0,15.99
SKOPAR,2010-02-05 00:00:00.000,20.0,15.51
SKOPAR,2010-02-05 00:00:00.000,36.0,5.04
SKOPAR,2010-02-05 00:00:00.000,10.0,43.2
SKOPAR,2010-02-05 00:00:00.000,20.0,2.08
SKOPAR,2010-02-05 00:00:00.000,20.0,8.92
SKOPAR,2010-02-05 00:00:00.000,14.0,13.77
SKOPAR,2010-02-05 00:00:00.000,30.0,2.48
SKOPAR,2010-02-05 00:00:00.000,10.0,1.23
SKOPAR,2010-02-05 00:00:00.000,30.0,2.46
SKOPAR,2010-02-05 00:00:00.000,30.0,9.45
SKOPAR,2010-02-05 00:00:00.000,100.0,1.1
SKOPAR,2010-02-05 00:00:00.000,3.0,15.99
SKOPAR,2010-02-05 00:00:00.000,300.0,0.39
SKOPAR,2010-02-05 00:00:00.000,40.0,1.77
SKOPAR,2010-02-05 00:00:00.000,10.0,1.8
SKOPAR,2010-02-05 00:00:00.000,20.0,6.46
SKOPAR,2010-02-05 00:00:00.000,40.0,13.26
SKOPAR,2010-02-05 00:00:00.000,50.0,8.45
SKOPAR,2010-02-05 00:00:00.000,40.0,6.15
SKOPAR,2010-02-05 00:00:00.000,2.0,20.42
SKOPAR,2010-02-05 00:00:00.000,5.0,14.03
SKOPAR,2010-02-05 00:00:00.000,150.0,0.52
SKOPAR,2010-02-05 00:00:00.000,99.0,0.63
SKOPAR,2010-02-05 00:00:00.000,100.0,2.5
SKOPAR,2010-02-05 00:00:00.000,30.0,8.26
SKOPAR,2010-02-05 00:00:00.000,25.0,7.36
SKOPAR,2010-02-05 00:00:00.000,50.0,7.51
SKOPAR,2010-02-05 00:00:00.000,30.0,2.09
SKOPAR,2010-02-05 00:00:00.000,30.0,0.92
SKOPAR,2010-02-05 00:00:00.000,5.0,22.93
SKOPAR,2010-02-05 00:00:00.000,83.0,28.91
SKOPAR,2010-02-05 00:00:00.000,10.0,0.98
SKOPAR,2010-02-05 00:00:00.000,10.0,0.98
SKOPAR,2010-02-05 00:00:00.000,20.0,1.82
SKOPAR,2010-02-05 00:00:00.000,20.0,0.61
SKOPAR,2010-02-05 00:00:00.000,11.0,23.56
SKOPAR,2010-02-05 00:00:00.000,30.0,26.16
SKOPAR,2010-02-05 00:00:00.000,5.0,29.23
SKOPAR,2010-02-05 00:00:00.000,5.0,29.23
SKOPAR,2010-02-05 00:00:00.000,5.0,37.62
SKOPAR,2010-02-05 00:00:00.000,5.0,37.62
SKOPAR,2010-02-05 00:00:00.000,24.0,3.95
SKOPAR,2010-02-05 00:00:00.000,100.0,3.57
SKOPAR,2010-02-05 00:00:00.000,320.0,2.46
SKOPAR,2010-02-05 00:00:00.000,10.0,51.54
SKOPAR,2010-02-05 00:00:00.000,30.0,4.92
SKOPAR,2010-02-05 00:00:00.000,15.0,21.91
SKOPAR,2010-02-05 00:00:00.000,80.0,1.48
SKOPAR,2010-02-05 00:00:00.000,30.0,45.83
SKOPAR,2010-02-05 00:00:00.000,5.0,23.39
SKOPAR,2010-02-05 00:00:00.000,5.0,23.39
SKOPAR,2010-02-05 00:00:00.000,100.0,0.61
SKOPAR,2010-02-05 00:00:00.000,100.0,0.63
SKOPAR,2010-02-05 00:00:00.000,20.0,15.17
SKOPAR,2010-02-05 00:00:00.000,100.0,1.48
SKOPAR,2010-02-05 00:00:00.000,30.0,0.61
SKOPAR,2010-02-05 00:00:00.000,20.0,11.79
SKOPAR,2010-02-05 00:00:00.000,70.0,1.08
SKOPAR,2010-02-05 00:00:00.000,10.0,1.51
SKOPAR,2010-02-05 00:00:00.000,40.0,0.61
SKOPAR,2010-02-05 00:00:00.000,190.0,0.61
SKOPAR,2010-02-05 00:00:00.000,20.0,12.28
SKOPAR,2010-02-05 00:00:00.000,50.0,3.37
SKOPAR,2010-02-05 00:00:00.000,10.0,5.78
SKOPAR,2010-02-05 00:00:00.000,30.0,3.75
SKOPAR,2010-02-05 00:00:00.000,10.0,42.6
SKOPAR,2010-02-05 00:00:00.000,20.0,4.44
SKOPAR,2010-02-05 00:00:00.000,10.0,0.84
SKOPAR,2010-02-05 00:00:00.000,36.0,7.81
SKOPAR,2010-02-05 00:00:00.000,100.0,1.03
SKOPAR,2010-02-05 00:00:00.000,15.0,4.31
SKOPAR,2010-02-05 00:00:00.000,20.0,0.4
SKOPAR,2010-02-05 00:00:00.000,5.0,4.68
SKOPAR,2010-02-05 00:00:00.000,4.0,3.34
SKOPAR,2010-02-05 00:00:00.000,5.0,35.99
SKOPAR,2010-02-05 00:00:00.000,5.0,34.83
SKOPAR,2010-02-05 00:00:00.000,10.0,3.89
SKOPAR,2010-02-05 00:00:00.000,100.0,1.95
SKOPAR,2010-02-05 00:00:00.000,5.0,22.1
SKOPAR,2010-02-05 00:00:00.000,20.0,1.48
SKOPAR,2010-02-05 00:00:00.000,30.0,4.39
SKOPAR,2010-02-05 00:00:00.000,200.0,3.54
SKOPAR,2010-02-05 00:00:00.000,5.0,10.34
SKOPAR,2010-02-05 00:00:00.000,3.0,62.59
SKOPAR,2010-02-05 00:00:00.000,3.0,62.59
SKOPAR,2010-02-05 00:00:00.000,100.0,3.79
SKOPAR,2010-02-05 00:00:00.000,40.0,1.48
SKOPAR,2010-02-05 00:00:00.000,28.0,6.49
SKOPAR,2010-02-05 00:00:00.000,6.0,24.14
SKOPAR,2010-02-05 00:00:00.000,10.0,3.39
SKOPAR,2010-02-05 00:00:00.000,90.0,0.55
SKOPAR,2010-02-05 00:00:00.000,90.0,0.55
SKOPAR,2010-02-05 00:00:00.000,30.0,2.02
SKOPAR,2010-02-05 00:00:00.000,20.0,3.08
SKOPAR,2010-02-05 00:00:00.000,30.0,2.02
SKOPAR,2010-02-05 00:00:00.000,20.0,3.08
SKOPAR,2010-02-05 00:00:00.000,30.0,6.44
SKOPAR,2010-02-05 00:00:00.000,30.0,6.44
SKOPAR,2010-02-05 00:00:00.000,30.0,1.19
SKOPAR,2010-02-05 00:00:00.000,30.0,3.1
SKOPAR,2010-02-05 00:00:00.000,20.0,19.27
SKOPAR,2010-02-05 00:00:00.000,20.0,19.27
SKOPAR,2010-02-05 00:00:00.000,20.0,3.09
SKOPAR,2010-02-05 00:00:00.000,20.0,3.09
SKOPAR,2010-02-05 00:00:00.000,5.0,39.19
SKOPAR,2010-02-05 00:00:00.000,5.0,39.19
SKOPAR,2010-02-05 00:00:00.000,20.0,1.3
SKOPAR,2010-02-05 00:00:00.000,20.0,18.54
SKOPAR,2010-02-05 00:00:00.000,20.0,18.54
SKOPAR,2010-02-05 00:00:00.000,40.0,4.2
SKOPAR,2010-02-05 00:00:00.000,30.0,4.2
SKOPAR,2010-02-05 00:00:00.000,400.0,0.49
SKOPAR,2010-02-05 00:00:00.000,20.0,56.85
"Porter, Industries",2010-02-22 00:00:00.000,300.0,9.5
"Porter, Industries",2010-02-22 00:00:00.000,200.0,7.5
RONELL,2010-02-26 00:00:00.000,20.0,0.83
RONELL,2010-02-26 00:00:00.000,93.0,3.25
RONELL,2010-02-26 00:00:00.000,30.0,77.5
RONELL,2010-02-26 00:00:00.000,48.0,33.9
RONELL,2010-02-26 00:00:00.000,10.0,18.79
RONELL,2010-02-26 00:00:00.000,100.0,1.15
RONELL,2010-02-26 00:00:00.000,50.0,16.7
RONELL,2010-02-26 00:00:00.000,40.0,1.79
RONELL,2010-02-26 00:00:00.000,40.0,16.1
RONELL,2010-02-26 00:00:00.000,10.0,16.71
RONELL,2010-02-26 00:00:00.000,10.0,16.71
RONELL,2010-02-26 00:00:00.000,2.0,31.3
RONELL,2010-02-26 00:00:00.000,50.0,6.17
RONELL,2010-02-26 00:00:00.000,60.0,2.7
RONELL,2010-02-26 00:00:00.000,5.0,106.5
RONELL,2010-02-26 00:00:00.000,30.0,10.05
RONELL,2010-02-26 00:00:00.000,200.0,1.23
RONELL,2010-02-26 00:00:00.000,20.0,11.69
RONELL,2010-02-26 00:00:00.000,50.0,4.35
RONELL,2010-02-26 00:00:00.000,100.0,0.6
RONELL,2010-02-26 00:00:00.000,10.0,28.65
RONELL,2010-02-26 00:00:00.000,100.0,5.25
RONELL,2010-02-26 00:00:00.000,30.0,16.4
RONELL,2010-02-26 00:00:00.000,120.0,7.25
RONELL,2010-02-26 00:00:00.000,113.0,1.39
RONELL,2010-02-26 00:00:00.000,50.0,15.8
RONELL,2010-02-26 00:00:00.000,100.0,1.83
RONELL,2010-02-26 00:00:00.000,100.0,0.92
RONELL,2010-02-26 00:00:00.000,50.0,9.13
RONELL,2010-02-26 00:00:00.000,100.0,1.55
RONELL,2010-02-26 00:00:00.000,100.0,1.62
RONELL,2010-02-26 00:00:00.000,40.0,15.09
RONELL,2010-02-26 00:00:00.000,100.0,6.79
RONELL,2010-02-26 00:00:00.000,200.0,2.32
RONELL,2010-02-26 00:00:00.000,150.0,1.15
RONELL,2010-02-26 00:00:00.000,30.0,7.65
RONELL,2010-02-26 00:00:00.000,100.0,0.8
RONELL,2010-02-26 00:00:00.000,100.0,2.62
RONELL,2010-02-26 00:00:00.000,30.0,4.1
RONELL,2010-02-26 00:00:00.000,30.0,5.49
RONELL,2010-02-26 00:00:00.000,300.0,0.6
RONELL,2010-02-26 00:00:00.000,50.0,18.75
RONELL,2010-02-26 00:00:00.000,200.0,1.2
RONELL,2010-02-26 00:00:00.000,120.0,2.47
RONELL,2010-02-26 00:00:00.000,200.0,0.49
RONELL,2010-02-26 00:00:00.000,30.0,5.45
RONELL,2010-02-26 00:00:00.000,200.0,0.48
RONELL,2010-02-26 00:00:00.000,50.0,15.75
RONELL,2010-02-26 00:00:00.000,100.0,0.36
RONELL,2010-02-26 00:00:00.000,40.0,8.96
RONELL,2010-02-26 00:00:00.000,500.0,4.88
RONELL,2010-02-26 00:00:00.000,200.0,0.31
RONELL,2010-02-26 00:00:00.000,50.0,5.15
RONELL,2010-02-26 00:00:00.000,150.0,2.09
RONELL,2010-02-26 00:00:00.000,50.0,6.07
RONELL,2010-02-26 00:00:00.000,100.0,0.48
RONELL,2010-02-26 00:00:00.000,100.0,0.33
RONELL,2010-02-26 00:00:00.000,50.0,4.95
RONELL,2010-02-26 00:00:00.000,300.0,3.78
RONELL,2010-02-26 00:00:00.000,30.0,9.48
RONELL,2010-02-26 00:00:00.000,30.0,9.48
RONELL,2010-02-26 00:00:00.000,200.0,3.71
RONELL,2010-02-26 00:00:00.000,500.0,0.3
RONELL,2010-02-26 00:00:00.000,500.0,0.34
RONELL,2010-02-26 00:00:00.000,300.0,3.61
RONELL,2010-02-26 00:00:00.000,300.0,0.23
RONELL,2010-02-26 00:00:00.000,200.0,0.3
RONELL,2010-02-26 00:00:00.000,200.0,0.28
RONELL,2010-02-26 00:00:00.000,100.0,0.32
RONELL,2010-02-26 00:00:00.000,200.0,0.31
RONELL,2010-02-26 00:00:00.000,200.0,0.82
RONELL,2010-02-26 00:00:00.000,100.0,1.05
RONELL,2010-02-26 00:00:00.000,200.0,1.03
RONELL,2010-02-26 00:00:00.000,100.0,3.83
RONELL,2010-02-26 00:00:00.000,300.0,0.15
RONELL,2010-02-26 00:00:00.000,200.0,0.28
RONELL,2010-02-26 00:00:00.000,50.0,11.38
RONELL,2010-02-26 00:00:00.000,100.0,0.69
RONELL,2010-02-26 00:00:00.000,30.0,1.45
RONELL,2010-02-26 00:00:00.000,300.0,0.4
RONELL,2010-02-26 00:00:00.000,30.0,2.16
RONELL,2010-02-26 00:00:00.000,5.0,92.3
RONELL,2010-02-26 00:00:00.000,200.0,7.92
RONELL,2010-02-26 00:00:00.000,30.0,25.3
RONELL,2010-02-26 00:00:00.000,50.0,23.19
RONELL,2010-02-26 00:00:00.000,250.0,19.75
RONELL,2010-02-26 00:00:00.000,30.0,42.5
RONELL,2010-02-26 00:00:00.000,200.0,3.06
RONELL,2010-02-26 00:00:00.000,50.0,5.75
RONELL,2010-02-26 00:00:00.000,50.0,5.75
RONELL,2010-02-26 00:00:00.000,100.0,4.97
RONELL,2010-02-26 00:00:00.000,5.0,84.99
RONELL,2010-02-26 00:00:00.000,164.0,0.91
RONELL,2010-02-26 00:00:00.000,40.0,1.63
RONELL,2010-02-26 00:00:00.000,40.0,23.43
RONELL,2010-02-26 00:00:00.000,200.0,1.21
RONELL,2010-02-26 00:00:00.000,500.0,0.53
RONELL,2010-02-26 00:00:00.000,50.0,6.75
RONELL,2010-02-26 00:00:00.000,200.0,6.6
RONELL,2010-02-26 00:00:00.000,50.0,6.75
RONELL,2010-02-26 00:00:00.000,20.0,24.3
RONELL,2010-02-26 00:00:00.000,32.0,3.75
RONELL,2010-02-26 00:00:00.000,100.0,1.25
RONELL,2010-02-26 00:00:00.000,20.0,0.48
RONELL,2010-02-26 00:00:00.000,48.0,2.4
RONELL,2010-02-26 00:00:00.000,50.0,11.37
RONELL,2010-02-26 00:00:00.000,97.0,1.35
RONELL,2010-02-26 00:00:00.000,40.0,20.0
RONELL,2010-02-26 00:00:00.000,24.0,8.5
RONELL,2010-02-26 00:00:00.000,20.0,6.75
RONELL,2010-02-26 00:00:00.000,200.0,0.79
RONELL,2010-02-26 00:00:00.000,200.0,1.2
RONELL,2010-02-26 00:00:00.000,20.0,5.9
RONELL,2010-02-26 00:00:00.000,200.0,3.29
RONELL,2010-02-26 00:00:00.000,100.0,28.6
RONELL,2010-02-26 00:00:00.000,10.0,21.82
RONELL,2010-02-26 00:00:00.000,50.0,4.75
RONELL,2010-02-26 00:00:00.000,10.0,1.13
RONELL,2010-02-26 00:00:00.000,40.0,2.19
RONELL,2010-02-26 00:00:00.000,160.0,0.57
RONELL,2010-02-26 00:00:00.000,100.0,9.81
RONELL,2010-02-26 00:00:00.000,161.0,6.85
RONELL,2010-02-26 00:00:00.000,10.0,21.8
RONELL,2010-02-26 00:00:00.000,40.0,2.14
RONELL,2010-02-26 00:00:00.000,30.0,4.61
RONELL,2010-02-26 00:00:00.000,35.0,6.25
RONELL,2010-02-26 00:00:00.000,200.0,33.43
RONELL,2010-02-26 00:00:00.000,200.0,33.43
RONELL,2010-02-26 00:00:00.000,200.0,21.95
RONELL,2010-02-26 00:00:00.000,40.0,28.0
RONELL,2010-02-26 00:00:00.000,150.0,5.0
RONELL,2010-02-26 00:00:00.000,100.0,20.45
RONELL,2010-02-26 00:00:00.000,40.0,47.26
RONELL,2010-02-26 00:00:00.000,40.0,47.26
RONELL,2010-02-26 00:00:00.000,60.0,4.29
RONELL,2010-02-26 00:00:00.000,10.0,10.3
RONELL,2010-02-26 00:00:00.000,200.0,2.2
RONELL,2010-02-26 00:00:00.000,60.0,4.95
RONELL,2010-02-26 00:00:00.000,100.0,2.68
RONELL,2010-02-26 00:00:00.000,20.0,11.12
RONELL,2010-02-26 00:00:00.000,10.0,63.0
RONELL,2010-02-26 00:00:00.000,22.0,0.75
RONELL,2010-02-26 00:00:00.000,100.0,4.75
RONELL,2010-02-26 00:00:00.000,300.0,1.64
RONELL,2010-02-26 00:00:00.000,200.0,4.38
RONELL,2010-02-26 00:00:00.000,400.0,0.49
RONELL,2010-02-26 00:00:00.000,200.0,4.05
RONELL,2010-02-26 00:00:00.000,20.0,16.35
RONELL,2010-02-26 00:00:00.000,100.0,1.11
RONELL,2010-02-26 00:00:00.000,40.0,2.22
RONELL,2010-02-26 00:00:00.000,40.0,2.19
RONELL,2010-02-26 00:00:00.000,40.0,4.86
RONELL,2010-02-26 00:00:00.000,50.0,8.68
RONELL,2010-02-26 00:00:00.000,150.0,2.94
RONELL,2010-02-26 00:00:00.000,60.0,3.95
RONELL,2010-02-26 00:00:00.000,100.0,4.91
RONELL,2010-02-26 00:00:00.000,20.0,22.65
RONELL,2010-02-26 00:00:00.000,20.0,12.35
CHINA AND CANTON,2010-03-10 00:00:00.000,700.0,12.2
CHINA AND CANTON,2010-03-10 00:00:00.000,100.0,5.84
CHINA AND CANTON,2010-03-10 00:00:00.000,200.0,5.6
CHINA AND CANTON,2010-03-10 00:00:00.000,300.0,5.35
CHINA AND CANTON,2010-03-10 00:00:00.000,200.0,5.48
CHINA AND CANTON,2010-03-10 00:00:00.000,200.0,5.65
CHINA AND CANTON,2010-03-10 00:00:00.000,100.0,21.2
CHINA AND CANTON,2010-03-10 00:00:00.000,50.0,20.9
CHINA AND CANTON,2010-03-10 00:00:00.000,100.0,18.5
CHINA AND CANTON,2010-03-10 00:00:00.000,100.0,18.8
CHINA AND CANTON,2010-03-10 00:00:00.000,300.0,8.95
CHINA AND CANTON,2010-03-10 00:00:00.000,200.0,10.55
CHINA AND CANTON,2010-03-10 00:00:00.000,300.0,10.0
ARSEN INDUSTRIAL,2010-04-05 00:00:00.000,400.0,7.3
ARSEN INDUSTRIAL,2010-04-05 00:00:00.000,300.0,7.3
ARSEN INDUSTRIAL,2010-04-05 00:00:00.000,500.0,7.3
ARSEN INDUSTRIAL,2010-04-05 00:00:00.000,150.0,7.3
ARSEN INDUSTRIAL,2010-04-05 00:00:00.000,300.0,7.3
ARSEN INDUSTRIAL,2010-04-05 00:00:00.000,400.0,7.3
ARSEN INDUSTRIAL,2010-04-05 00:00:00.000,300.0,7.3
ARSEN INDUSTRIAL,2010-04-05 00:00:00.000,200.0,7.3
ARSEN INDUSTRIAL,2010-04-05 00:00:00.000,100.0,7.3
ARSEN INDUSTRIAL,2010-04-05 00:00:00.000,400.0,7.3
ARSEN INDUSTRIAL,2010-04-05 00:00:00.000,300.0,7.3
ARSEN INDUSTRIAL,2010-04-05 00:00:00.000,100.0,7.3
ARSEN INDUSTRIAL,2010-04-05 00:00:00.000,100.0,7.3
ARSEN INDUSTRIAL,2010-04-05 00:00:00.000,100.0,7.3
ARSEN INDUSTRIAL,2010-04-05 00:00:00.000,100.0,7.3
ARSEN INDUSTRIAL,2010-04-05 00:00:00.000,250.0,7.3
ARSEN INDUSTRIAL,2010-04-05 00:00:00.000,300.0,7.3
ARSEN INDUSTRIAL,2010-04-05 00:00:00.000,40.0,8.0
ARSEN INDUSTRIAL,2010-04-05 00:00:00.000,40.0,7.3
ARSEN INDUSTRIAL,2010-04-05 00:00:00.000,200.0,7.3
ARSEN INDUSTRIAL,2010-04-05 00:00:00.000,500.0,7.3
ARSEN INDUSTRIAL,2010-04-05 00:00:00.000,200.0,7.3
ARSEN INDUSTRIAL,2010-04-05 00:00:00.000,80.0,7.3
ARSEN INDUSTRIAL,2010-04-05 00:00:00.000,100.0,7.3
ARSEN INDUSTRIAL,2010-04-05 00:00:00.000,150.0,7.3
ARSEN INDUSTRIAL,2010-04-05 00:00:00.000,30.0,7.3
ARSEN INDUSTRIAL,2010-04-05 00:00:00.000,20.0,7.3
ARSEN INDUSTRIAL,2010-04-05 00:00:00.000,50.0,10.0
ARSEN INDUSTRIAL,2010-04-05 00:00:00.000,40.0,11.0
ARSEN INDUSTRIAL,2010-04-05 00:00:00.000,100.0,9.5
ARSEN INDUSTRIAL,2010-04-05 00:00:00.000,100.0,9.5
ARSEN INDUSTRIAL,2010-04-05 00:00:00.000,300.0,8.5
ARSEN INDUSTRIAL,2010-04-05 00:00:00.000,30.0,12.5
ARSEN INDUSTRIAL,2010-04-05 00:00:00.000,150.0,12.0
ARSEN INDUSTRIAL,2010-04-05 00:00:00.000,40.0,12.0
ARSEN INDUSTRIAL,2010-04-05 00:00:00.000,50.0,9.5
ARSEN INDUSTRIAL,2010-04-05 00:00:00.000,60.0,7.3
ARSEN INDUSTRIAL,2010-04-05 00:00:00.000,40.0,7.3
ARSEN INDUSTRIAL,2010-04-05 00:00:00.000,40.0,7.3
ARSEN INDUSTRIAL,2010-04-05 00:00:00.000,100.0,7.3
ARSEN INDUSTRIAL,2010-04-05 00:00:00.000,40.0,7.3
ARSEN INDUSTRIAL,2010-04-05 00:00:00.000,20.0,9.5
ARSEN INDUSTRIAL,2010-04-05 00:00:00.000,20.0,10.0
ARSEN INDUSTRIAL,2010-04-05 00:00:00.000,300.0,9.5
ARSEN INDUSTRIAL,2010-04-05 00:00:00.000,50.0,9.5
ARSEN INDUSTRIAL,2010-04-05 00:00:00.000,10.0,12.0
ARSEN INDUSTRIAL,2010-04-05 00:00:00.000,10.0,12.0
ARSEN INDUSTRIAL,2010-04-05 00:00:00.000,50.0,10.0
ARSEN INDUSTRIAL,2010-04-05 00:00:00.000,50.0,9.5
ARSEN INDUSTRIAL,2010-04-05 00:00:00.000,80.0,10.5
ARSEN INDUSTRIAL,2010-04-05 00:00:00.000,40.0,12.0
ARSEN INDUSTRIAL,2010-04-05 00:00:00.000,50.0,10.5
ARSEN INDUSTRIAL,2010-04-05 00:00:00.000,50.0,9.5
ARSEN INDUSTRIAL,2010-04-05 00:00:00.000,10.0,11.0
ARSEN INDUSTRIAL,2010-04-05 00:00:00.000,300.0,12.5
ARSEN INDUSTRIAL,2010-04-05 00:00:00.000,80.0,10.0
ARSEN INDUSTRIAL,2010-04-05 00:00:00.000,80.0,10.0
ARSEN INDUSTRIAL,2010-04-05 00:00:00.000,20.0,9.5
ARSEN INDUSTRIAL,2010-04-05 00:00:00.000,10.0,9.5
ARSEN INDUSTRIAL,2010-04-05 00:00:00.000,20.0,9.5
ARSEN INDUSTRIAL,2010-04-05 00:00:00.000,40.0,9.5
ARSEN INDUSTRIAL,2010-04-05 00:00:00.000,20.0,10.0
ARSEN INDUSTRIAL,2010-04-05 00:00:00.000,40.0,7.3
ARSEN INDUSTRIAL,2010-04-05 00:00:00.000,30.0,8.0
ARSEN INDUSTRIAL,2010-04-05 00:00:00.000,100.0,7.3
ARSEN INDUSTRIAL,2010-04-05 00:00:00.000,40.0,7.3
ARSEN INDUSTRIAL,2010-04-05 00:00:00.000,300.0,7.3
ARSEN INDUSTRIAL,2010-04-05 00:00:00.000,80.0,8.0
ARSEN INDUSTRIAL,2010-04-05 00:00:00.000,80.0,8.0
ARSEN INDUSTRIAL,2010-04-05 00:00:00.000,30.0,7.3
ARSEN INDUSTRIAL,2010-04-05 00:00:00.000,30.0,10.0
ARSEN INDUSTRIAL,2010-04-05 00:00:00.000,50.0,7.3
ARSEN INDUSTRIAL,2010-04-05 00:00:00.000,30.0,12.5
ARSEN INDUSTRIAL,2010-04-05 00:00:00.000,50.0,7.3
ARSEN INDUSTRIAL,2010-04-05 00:00:00.000,50.0,7.3
ARSEN INDUSTRIAL,2010-04-05 00:00:00.000,50.0,7.3
ARSEN INDUSTRIAL,2010-04-05 00:00:00.000,500.0,12.5
ARSEN INDUSTRIAL,2010-04-05 00:00:00.000,30.0,7.3
ARSEN INDUSTRIAL,2010-04-05 00:00:00.000,20.0,7.3
ARSEN INDUSTRIAL,2010-04-05 00:00:00.000,100.0,7.3
ARSEN INDUSTRIAL,2010-04-05 00:00:00.000,50.0,7.3
ARSEN INDUSTRIAL,2010-04-05 00:00:00.000,50.0,7.7
ARSEN INDUSTRIAL,2010-04-05 00:00:00.000,60.0,7.3
ARSEN INDUSTRIAL,2010-04-05 00:00:00.000,20.0,12.0
ARSEN INDUSTRIAL,2010-04-05 00:00:00.000,20.0,12.0
ARSEN INDUSTRIAL,2010-04-05 00:00:00.000,30.0,8.0
ARSEN INDUSTRIAL,2010-04-05 00:00:00.000,20.0,7.3
ARSEN INDUSTRIAL,2010-04-05 00:00:00.000,30.0,7.3
ARSEN INDUSTRIAL,2010-04-05 00:00:00.000,20.0,7.3
ARSEN INDUSTRIAL,2010-04-05 00:00:00.000,30.0,7.3
ARSEN INDUSTRIAL,2010-04-05 00:00:00.000,30.0,8.0
ARSEN INDUSTRIAL,2010-04-05 00:00:00.000,30.0,8.0
ARSEN INDUSTRIAL,2010-04-05 00:00:00.000,10.0,7.3
ARSEN INDUSTRIAL,2010-04-05 00:00:00.000,30.0,8.0
ARSEN INDUSTRIAL,2010-04-05 00:00:00.000,150.0,7.3
ARSEN INDUSTRIAL,2010-04-05 00:00:00.000,50.0,8.5
ARSEN INDUSTRIAL,2010-04-05 00:00:00.000,10.0,7.3
ARSEN INDUSTRIAL,2010-04-05 00:00:00.000,100.0,8.0
ARSEN INDUSTRIAL,2010-04-05 00:00:00.000,20.0,7.3
ARSEN INDUSTRIAL,2010-04-05 00:00:00.000,20.0,8.0
ARSEN INDUSTRIAL,2010-04-05 00:00:00.000,20.0,7.3
ARSEN INDUSTRIAL,2010-04-05 00:00:00.000,985.0,2.74
ARSEN INDUSTRIAL,2010-04-05 00:00:00.000,800.0,2.3
ARSEN INDUSTRIAL,2010-04-05 00:00:00.000,800.0,2.3
ARSEN INDUSTRIAL,2010-04-05 00:00:00.000,150.0,16.86
ARSEN INDUSTRIAL,2010-04-05 00:00:00.000,200.0,17.21
ARSEN INDUSTRIAL,2010-04-05 00:00:00.000,250.0,19.44
ARSEN INDUSTRIAL,2010-04-05 00:00:00.000,20.0,19.51
ARSEN INDUSTRIAL,2010-04-05 00:00:00.000,200.0,20.07
ARSEN INDUSTRIAL,2010-04-05 00:00:00.000,100.0,20.07
ARSEN INDUSTRIAL,2010-04-05 00:00:00.000,30.0,17.18
ARSEN INDUSTRIAL,2010-04-05 00:00:00.000,30.0,14.66
ARSEN INDUSTRIAL,2010-04-05 00:00:00.000,30.0,16.89
ARSEN INDUSTRIAL,2010-04-05 00:00:00.000,250.0,2.55
ARSEN INDUSTRIAL,2010-04-05 00:00:00.000,500.0,3.33
ARSEN INDUSTRIAL,2010-04-05 00:00:00.000,500.0,2.26
ARSEN INDUSTRIAL,2010-04-05 00:00:00.000,1000.0,2.79
ARSEN INDUSTRIAL,2010-04-05 00:00:00.000,150.0,3.74
ARSEN INDUSTRIAL,2010-04-05 00:00:00.000,100.0,4.09
ARSEN INDUSTRIAL,2010-04-05 00:00:00.000,250.0,2.56
ARSEN INDUSTRIAL,2010-04-05 00:00:00.000,300.0,2.74
ARSEN INDUSTRIAL,2010-04-05 00:00:00.000,500.0,3.65
ARSEN INDUSTRIAL,2010-04-05 00:00:00.000,4000.0,3.2
ARSEN INDUSTRIAL,2010-04-05 00:00:00.000,100.0,2.92
ARSEN INDUSTRIAL,2010-04-05 00:00:00.000,150.0,2.72
ARSEN INDUSTRIAL,2010-04-05 00:00:00.000,3000.0,3.1
ARSEN INDUSTRIAL,2010-04-05 00:00:00.000,100.0,3.01
ARSEN INDUSTRIAL,2010-04-05 00:00:00.000,100.0,2.72
ARSEN INDUSTRIAL,2010-04-05 00:00:00.000,400.0,3.6
ARSEN INDUSTRIAL,2010-04-05 00:00:00.000,200.0,3.61
ARSEN INDUSTRIAL,2010-04-05 00:00:00.000,500.0,3.86
ARSEN INDUSTRIAL,2010-04-05 00:00:00.000,50.0,3.01
ARSEN INDUSTRIAL,2010-04-05 00:00:00.000,100.0,3.88
ARSEN INDUSTRIAL,2010-04-05 00:00:00.000,50.0,4.02
ARSEN INDUSTRIAL,2010-04-05 00:00:00.000,1000.0,2.74
ARSEN INDUSTRIAL,2010-04-05 00:00:00.000,50.0,3.66
ARSEN INDUSTRIAL,2010-04-05 00:00:00.000,50.0,4.72
ARSEN INDUSTRIAL,2010-04-05 00:00:00.000,50.0,2.92
ARSEN INDUSTRIAL,2010-04-05 00:00:00.000,50.0,2.78
ARSEN INDUSTRIAL,2010-04-05 00:00:00.000,100.0,3.3
ARSEN INDUSTRIAL,2010-04-05 00:00:00.000,50.0,4.14
ARSEN INDUSTRIAL,2010-04-05 00:00:00.000,80.0,2.83
ARSEN INDUSTRIAL,2010-04-05 00:00:00.000,20.0,4.36
ARSEN INDUSTRIAL,2010-04-05 00:00:00.000,40.0,3.82
ARSEN INDUSTRIAL,2010-04-05 00:00:00.000,100.0,3.7
ARSEN INDUSTRIAL,2010-04-05 00:00:00.000,50.0,2.34
ARSEN INDUSTRIAL,2010-04-05 00:00:00.000,100.0,2.79
ARSEN INDUSTRIAL,2010-04-05 00:00:00.000,50.0,3.85
ARSEN INDUSTRIAL,2010-04-05 00:00:00.000,50.0,4.34
ARSEN INDUSTRIAL,2010-04-05 00:00:00.000,50.0,3.42
ARSEN INDUSTRIAL,2010-04-05 00:00:00.000,100.0,4.54
ARSEN INDUSTRIAL,2010-04-05 00:00:00.000,500.0,5.5
ARSEN INDUSTRIAL,2010-04-05 00:00:00.000,50.0,4.09
ARSEN INDUSTRIAL,2010-04-05 00:00:00.000,300.0,3.5
ARSEN INDUSTRIAL,2010-04-05 00:00:00.000,1000.0,3.09
ARSEN INDUSTRIAL,2010-04-05 00:00:00.000,300.0,2.38
ARSEN INDUSTRIAL,2010-04-05 00:00:00.000,600.0,3.07
ARSEN INDUSTRIAL,2010-04-05 00:00:00.000,300.0,3.78
ARSEN INDUSTRIAL,2010-04-05 00:00:00.000,50.0,4.98
ARSEN INDUSTRIAL,2010-04-05 00:00:00.000,100.0,3.46
ARSEN INDUSTRIAL,2010-04-05 00:00:00.000,40.0,7.3
ARSEN INDUSTRIAL,2010-04-05 00:00:00.000,50.0,2.47
ARSEN INDUSTRIAL,2010-04-05 00:00:00.000,100.0,3.01
ARSEN INDUSTRIAL,2010-04-05 00:00:00.000,300.0,2.8
ARSEN INDUSTRIAL,2010-04-05 00:00:00.000,150.0,3.08
ARSEN INDUSTRIAL,2010-04-05 00:00:00.000,80.0,3.72
ARSEN INDUSTRIAL,2010-04-05 00:00:00.000,200.0,2.57
ARSEN INDUSTRIAL,2010-04-05 00:00:00.000,200.0,3.58
GAHBIN CORP.,2010-04-16 00:00:00.000,250.0,0.75
GAHBIN CORP.,2010-04-16 00:00:00.000,100.0,0.66
GAHBIN CORP.,2010-04-16 00:00:00.000,100.0,0.32
GAHBIN CORP.,2010-04-16 00:00:00.000,100.0,2.31
GAHBIN CORP.,2010-04-16 00:00:00.000,100.0,2.31
GAHBIN CORP.,2010-04-16 00:00:00.000,150.0,1.48
GAHBIN CORP.,2010-04-16 00:00:00.000,66.0,3.7
GAHBIN CORP.,2010-04-16 00:00:00.000,100.0,0.93
GAHBIN CORP.,2010-04-16 00:00:00.000,145.0,0.19
GAHBIN CORP.,2010-04-16 00:00:00.000,100.0,0.14
GAHBIN CORP.,2010-04-16 00:00:00.000,100.0,7.43
GAHBIN CORP.,2010-04-16 00:00:00.000,100.0,3.27
GAHBIN CORP.,2010-04-16 00:00:00.000,100.0,4.17
GAHBIN CORP.,2010-04-16 00:00:00.000,98.0,3.27
GAHBIN CORP.,2010-04-16 00:00:00.000,100.0,4.17
GAHBIN CORP.,2010-04-16 00:00:00.000,26.0,16.28
GAHBIN CORP.,2010-04-16 00:00:00.000,40.0,11.33
GAHBIN CORP.,2010-04-16 00:00:00.000,90.0,3.95
GAHBIN CORP.,2010-04-16 00:00:00.000,60.0,1.45
GAHBIN CORP.,2010-04-16 00:00:00.000,100.0,1.11
GAHBIN CORP.,2010-04-16 00:00:00.000,100.0,0.42
GAHBIN CORP.,2010-04-16 00:00:00.000,100.0,5.19
GAHBIN CORP.,2010-04-16 00:00:00.000,150.0,12.9
GAHBIN CORP.,2010-04-16 00:00:00.000,50.0,5.49
GAHBIN CORP.,2010-04-16 00:00:00.000,150.0,4.09
GAHBIN CORP.,2010-04-16 00:00:00.000,50.0,12.67
GAHBIN CORP.,2010-04-16 00:00:00.000,150.0,14.88
GAHBIN CORP.,2010-04-16 00:00:00.000,100.0,7.43
GAHBIN CORP.,2010-04-16 00:00:00.000,36.0,29.41
GAHBIN CORP.,2010-04-16 00:00:00.000,100.0,24.54
GAHBIN CORP.,2010-04-16 00:00:00.000,50.0,4.17
GAHBIN CORP.,2010-04-16 00:00:00.000,100.0,1.31
GAHBIN CORP.,2010-04-16 00:00:00.000,100.0,7.43
GAHBIN CORP.,2010-04-16 00:00:00.000,190.0,14.19
GAHBIN CORP.,2010-04-16 00:00:00.000,100.0,3.71
GAHBIN CORP.,2010-04-16 00:00:00.000,100.0,9.51
GAHBIN CORP.,2010-04-16 00:00:00.000,20.0,15.81
GAHBIN CORP.,2010-04-16 00:00:00.000,40.0,10.67
GAHBIN CORP.,2010-04-16 00:00:00.000,100.0,2.64
GAHBIN CORP.,2010-04-16 00:00:00.000,250.0,1.48
GAHBIN CORP.,2010-04-16 00:00:00.000,52.0,3.23
GAHBIN CORP.,2010-04-16 00:00:00.000,250.0,2.04
GAHBIN CORP.,2010-04-16 00:00:00.000,100.0,5.24
GAHBIN CORP.,2010-04-16 00:00:00.000,100.0,3.98
GAHBIN CORP.,2010-04-16 00:00:00.000,100.0,8.16
GAHBIN CORP.,2010-04-16 00:00:00.000,100.0,1.02
GAHBIN CORP.,2010-04-16 00:00:00.000,100.0,7.43
GAHBIN CORP.,2010-04-16 00:00:00.000,150.0,1.21
GAHBIN CORP.,2010-04-16 00:00:00.000,50.0,11.42
GAHBIN CORP.,2010-04-16 00:00:00.000,100.0,2.87
GAHBIN CORP.,2010-04-16 00:00:00.000,200.0,2.11
GAHBIN CORP.,2010-04-16 00:00:00.000,125.0,7.16
GAHBIN CORP.,2010-04-16 00:00:00.000,100.0,16.7
GAHBIN CORP.,2010-04-16 00:00:00.000,100.0,13.73
GAHBIN CORP.,2010-04-16 00:00:00.000,100.0,16.7
GAHBIN CORP.,2010-04-16 00:00:00.000,100.0,13.73
GAHBIN CORP.,2010-04-16 00:00:00.000,150.0,0.98
GAHBIN CORP.,2010-04-16 00:00:00.000,100.0,3.08
GAHBIN CORP.,2010-04-16 00:00:00.000,20.0,52.97
GAHBIN CORP.,2010-04-16 00:00:00.000,100.0,0.3
GAHBIN CORP.,2010-04-16 00:00:00.000,150.0,3.16
GAHBIN CORP.,2010-04-16 00:00:00.000,300.0,1.71
GAHBIN CORP.,2010-04-16 00:00:00.000,100.0,2.68
GAHBIN CORP.,2010-04-16 00:00:00.000,100.0,1.3
GAHBIN CORP.,2010-04-16 00:00:00.000,500.0,15.44
GAHBIN CORP.,2010-04-16 00:00:00.000,50.0,22.05
GAHBIN CORP.,2010-04-16 00:00:00.000,50.0,22.05
GAHBIN CORP.,2010-04-16 00:00:00.000,50.0,23.71
GAHBIN CORP.,2010-04-16 00:00:00.000,50.0,23.71
GAHBIN CORP.,2010-04-16 00:00:00.000,50.0,24.95
GAHBIN CORP.,2010-04-16 00:00:00.000,300.0,8.16
GAHBIN CORP.,2010-04-16 00:00:00.000,400.0,6.27
GAHBIN CORP.,2010-04-16 00:00:00.000,32.0,6.49
GAHBIN CORP.,2010-04-16 00:00:00.000,500.0,16.14
GAHBIN CORP.,2010-04-16 00:00:00.000,300.0,2.18
GAHBIN CORP.,2010-04-16 00:00:00.000,210.0,4.18
GAHBIN CORP.,2010-04-16 00:00:00.000,150.0,4.18
GAHBIN CORP.,2010-04-16 00:00:00.000,100.0,1.88
GAHBIN CORP.,2010-04-16 00:00:00.000,150.0,4.18
GAHBIN CORP.,2010-04-16 00:00:00.000,100.0,1.88
GAHBIN CORP.,2010-04-16 00:00:00.000,70.0,22.77
GAHBIN CORP.,2010-04-16 00:00:00.000,100.0,12.26
GAHBIN CORP.,2010-04-16 00:00:00.000,50.0,1.21
GAHBIN CORP.,2010-04-16 00:00:00.000,250.0,1.32
GAHBIN CORP.,2010-04-16 00:00:00.000,2500.0,0.26
GAHBIN CORP.,2010-04-16 00:00:00.000,750.0,4.63
GAHBIN CORP.,2010-04-16 00:00:00.000,200.0,6.61
GAHBIN CORP.,2010-04-16 00:00:00.000,100.0,5.74
GAHBIN CORP.,2010-04-16 00:00:00.000,50.0,1.48
GAHBIN CORP.,2010-04-16 00:00:00.000,500.0,1.63
GAHBIN CORP.,2010-04-16 00:00:00.000,350.0,2.02
GAHBIN CORP.,2010-04-16 00:00:00.000,250.0,0.43
GAHBIN CORP.,2010-04-16 00:00:00.000,100.0,2.12
GAHBIN CORP.,2010-04-16 00:00:00.000,50.0,0.71
GAHBIN CORP.,2010-04-16 00:00:00.000,50.0,7.0
GAHBIN CORP.,2010-04-16 00:00:00.000,50.0,2.98
GAHBIN CORP.,2010-04-16 00:00:00.000,100.0,22.31
GAHBIN CORP.,2010-04-16 00:00:00.000,50.0,2.59
GAHBIN CORP.,2010-04-16 00:00:00.000,30.0,10.87
GAHBIN CORP.,2010-04-16 00:00:00.000,10.0,3.07
GAHBIN CORP.,2010-04-16 00:00:00.000,50.0,11.2
GAHBIN CORP.,2010-04-16 00:00:00.000,100.0,4.91
GAHBIN CORP.,2010-04-16 00:00:00.000,10.0,7.0
GAHBIN CORP.,2010-04-16 00:00:00.000,100.0,4.25
GAHBIN CORP.,2010-04-16 00:00:00.000,150.0,2.41
GAHBIN CORP.,2010-04-16 00:00:00.000,100.0,0.32
GAHBIN CORP.,2010-04-16 00:00:00.000,100.0,5.11
GAHBIN CORP.,2010-04-16 00:00:00.000,100.0,14.65
GAHBIN CORP.,2010-04-16 00:00:00.000,100.0,9.74
GAHBIN CORP.,2010-04-16 00:00:00.000,40.0,8.38
GAHBIN CORP.,2010-04-16 00:00:00.000,250.0,4.0
GAHBIN CORP.,2010-04-16 00:00:00.000,600.0,1.01
GAHBIN CORP.,2010-04-16 00:00:00.000,200.0,2.18
GAHBIN CORP.,2010-04-16 00:00:00.000,300.0,1.6
GAHBIN CORP.,2010-04-16 00:00:00.000,100.0,0.23
GAHBIN CORP.,2010-04-16 00:00:00.000,250.0,2.64
GAHBIN CORP.,2010-04-16 00:00:00.000,250.0,0.86
GAHBIN CORP.,2010-04-16 00:00:00.000,150.0,1.85
GAHBIN CORP.,2010-04-16 00:00:00.000,600.0,1.76
GAHBIN CORP.,2010-04-16 00:00:00.000,100.0,2.68
GAHBIN CORP.,2010-04-16 00:00:00.000,100.0,19.39
GAHBIN CORP.,2010-04-16 00:00:00.000,400.0,0.33
GAHBIN CORP.,2010-04-16 00:00:00.000,50.0,4.64
GAHBIN CORP.,2010-04-16 00:00:00.000,100.0,1.85
GAHBIN CORP.,2010-04-16 00:00:00.000,100.0,7.0
GAHBIN CORP.,2010-04-16 00:00:00.000,44.0,21.43
GAHBIN CORP.,2010-04-16 00:00:00.000,30.0,1.63
GAHBIN CORP.,2010-04-16 00:00:00.000,30.0,20.14
GAHBIN CORP.,2010-04-16 00:00:00.000,35.0,32.19
GAHBIN CORP.,2010-04-16 00:00:00.000,15.0,2.15
GAHBIN CORP.,2010-04-16 00:00:00.000,100.0,1.07
GAHBIN CORP.,2010-04-16 00:00:00.000,50.0,21.61
GAHBIN CORP.,2010-04-16 00:00:00.000,10.0,87.76
GAHBIN CORP.,2010-04-16 00:00:00.000,150.0,20.92
GAHBIN CORP.,2010-04-16 00:00:00.000,100.0,2.43
GAHBIN CORP.,2010-04-16 00:00:00.000,50.0,9.01
GAHBIN CORP.,2010-04-16 00:00:00.000,250.0,0.71
GAHBIN CORP.,2010-04-16 00:00:00.000,99.0,8.48
GAHBIN CORP.,2010-04-16 00:00:00.000,30.0,1.78
GAHBIN CORP.,2010-04-16 00:00:00.000,100.0,1.3
GAHBIN CORP.,2010-04-16 00:00:00.000,100.0,5.97
GAHBIN CORP.,2010-04-16 00:00:00.000,50.0,1.25
GAHBIN CORP.,2010-04-16 00:00:00.000,20.0,6.18
GAHBIN CORP.,2010-04-16 00:00:00.000,50.0,7.16
GAHBIN CORP.,2010-04-16 00:00:00.000,150.0,9.22
GAHBIN CORP.,2010-04-16 00:00:00.000,20.0,4.61
GAHBIN CORP.,2010-04-16 00:00:00.000,150.0,1.63
GAHBIN CORP.,2010-04-16 00:00:00.000,200.0,1.53
GAHBIN CORP.,2010-04-16 00:00:00.000,20.0,4.64
GAHBIN CORP.,2010-04-16 00:00:00.000,100.0,1.02
GAHBIN CORP.,2010-04-16 00:00:00.000,100.0,3.68
GAHBIN CORP.,2010-04-16 00:00:00.000,20.0,2.05
GAHBIN CORP.,2010-04-16 00:00:00.000,150.0,3.5
GAHBIN CORP.,2010-04-16 00:00:00.000,20.0,8.39
GAHBIN CORP.,2010-04-16 00:00:00.000,20.0,35.26
GAHBIN CORP.,2010-04-16 00:00:00.000,60.0,18.46
GAHBIN CORP.,2010-04-16 00:00:00.000,50.0,10.95
GAHBIN CORP.,2010-04-16 00:00:00.000,20.0,19.54
GAHBIN CORP.,2010-04-16 00:00:00.000,150.0,1.5
GAHBIN CORP.,2010-04-16 00:00:00.000,250.0,4.26
GAHBIN CORP.,2010-04-16 00:00:00.000,100.0,8.18
GAHBIN CORP.,2010-04-16 00:00:00.000,100.0,13.79
GAHBIN CORP.,2010-04-16 00:00:00.000,88.0,13.48
GAHBIN CORP.,2010-04-16 00:00:00.000,99.0,32.56
GAHBIN CORP.,2010-04-16 00:00:00.000,150.0,1.58
GAHBIN CORP.,2010-04-16 00:00:00.000,50.0,44.53
GAHBIN CORP.,2010-04-16 00:00:00.000,20.0,38.04
GAHBIN CORP.,2010-04-16 00:00:00.000,100.0,0.74
GAHBIN CORP.,2010-04-16 00:00:00.000,150.0,3.95
GAHBIN CORP.,2010-04-16 00:00:00.000,100.0,2.03
GAHBIN CORP.,2010-04-16 00:00:00.000,150.0,4.32
GAHBIN CORP.,2010-04-16 00:00:00.000,100.0,4.73
GAHBIN CORP.,2010-04-16 00:00:00.000,50.0,2.03
GAHBIN CORP.,2010-04-16 00:00:00.000,100.0,7.79
GAHBIN CORP.,2010-04-16 00:00:00.000,50.0,2.92
GAHBIN CORP.,2010-04-16 00:00:00.000,5.0,31.09
GAHBIN CORP.,2010-04-16 00:00:00.000,1.0,13.68
GAHBIN CORP.,2010-04-16 00:00:00.000,150.0,1.61
GAHBIN CORP.,2010-04-16 00:00:00.000,20.0,8.02
GAHBIN CORP.,2010-04-16 00:00:00.000,100.0,1.6
GAHBIN CORP.,2010-04-16 00:00:00.000,100.0,4.47
GAHBIN CORP.,2010-04-16 00:00:00.000,30.0,5.31
GAHBIN CORP.,2010-04-16 00:00:00.000,100.0,0.45
GAHBIN CORP.,2010-04-16 00:00:00.000,50.0,5.57
GAHBIN CORP.,2010-04-16 00:00:00.000,50.0,51.24
GAHBIN CORP.,2010-04-16 00:00:00.000,150.0,2.18
GAHBIN CORP.,2010-04-16 00:00:00.000,14.0,2.55
GAHBIN CORP.,2010-04-16 00:00:00.000,50.0,20.42
GAHBIN CORP.,2010-04-16 00:00:00.000,50.0,1.96
GAHBIN CORP.,2010-04-16 00:00:00.000,20.0,16.7
GAHBIN CORP.,2010-04-16 00:00:00.000,30.0,1.4
GAHBIN CORP.,2010-04-16 00:00:00.000,50.0,3.34
GAHBIN CORP.,2010-04-16 00:00:00.000,50.0,17.22
GAHBIN CORP.,2010-04-16 00:00:00.000,50.0,2.88
GAHBIN CORP.,2010-04-16 00:00:00.000,150.0,1.28
GAHBIN CORP.,2010-04-16 00:00:00.000,200.0,0.86
GAHBIN CORP.,2010-04-16 00:00:00.000,150.0,2.15
GAHBIN CORP.,2010-04-16 00:00:00.000,100.0,1.73
GAHBIN CORP.,2010-04-16 00:00:00.000,100.0,7.22
GAHBIN CORP.,2010-04-16 00:00:00.000,20.0,84.13
GAHBIN CORP.,2010-04-16 00:00:00.000,100.0,0.37
GAHBIN CORP.,2010-04-16 00:00:00.000,100.0,0.78
GAHBIN CORP.,2010-04-16 00:00:00.000,250.0,0.93
GAHBIN CORP.,2010-04-16 00:00:00.000,100.0,0.78
GAHBIN CORP.,2010-04-16 00:00:00.000,100.0,0.42
GAHBIN CORP.,2010-04-16 00:00:00.000,250.0,0.93
GAHBIN CORP.,2010-04-16 00:00:00.000,50.0,1.67
GAHBIN CORP.,2010-04-16 00:00:00.000,60.0,3.37
GAHBIN CORP.,2010-04-16 00:00:00.000,100.0,1.25
GAHBIN CORP.,2010-04-16 00:00:00.000,50.0,0.92
GAHBIN CORP.,2010-04-16 00:00:00.000,25.0,22.93
GAHBIN CORP.,2010-04-16 00:00:00.000,50.0,4.41
GAHBIN CORP.,2010-04-16 00:00:00.000,20.0,8.63
GAHBIN CORP.,2010-04-16 00:00:00.000,30.0,8.81
GAHBIN CORP.,2010-04-16 00:00:00.000,60.0,5.7
GAHBIN CORP.,2010-04-16 00:00:00.000,60.0,5.7
GAHBIN CORP.,2010-04-16 00:00:00.000,55.0,1.78
GAHBIN CORP.,2010-04-16 00:00:00.000,60.0,0.23
GAHBIN CORP.,2010-04-16 00:00:00.000,100.0,1.85
GAHBIN CORP.,2010-04-16 00:00:00.000,250.0,1.3
GAHBIN CORP.,2010-04-16 00:00:00.000,50.0,4.67
GAHBIN CORP.,2010-04-16 00:00:00.000,100.0,5.11
GAHBIN CORP.,2010-04-16 00:00:00.000,100.0,1.82
GAHBIN CORP.,2010-04-16 00:00:00.000,25.0,34.82
GAHBIN CORP.,2010-04-16 00:00:00.000,50.0,4.15
GAHBIN CORP.,2010-04-16 00:00:00.000,500.0,0.23
GAHBIN CORP.,2010-04-16 00:00:00.000,20.0,9.74
GAHBIN CORP.,2010-04-16 00:00:00.000,40.0,3.35
GAHBIN CORP.,2010-04-16 00:00:00.000,100.0,1.3
GAHBIN CORP.,2010-04-16 00:00:00.000,50.0,3.52
GAHBIN CORP.,2010-04-16 00:00:00.000,100.0,0.66
GAHBIN CORP.,2010-04-16 00:00:00.000,184.0,0.48
GAHBIN CORP.,2010-04-16 00:00:00.000,150.0,0.2
GAHBIN CORP.,2010-04-16 00:00:00.000,10.0,2.13
GAHBIN CORP.,2010-04-16 00:00:00.000,51.0,3.7
GAHBIN CORP.,2010-04-16 00:00:00.000,100.0,1.04
GAHBIN CORP.,2010-04-16 00:00:00.000,150.0,0.87
GAHBIN CORP.,2010-04-16 00:00:00.000,100.0,5.7
GAHBIN CORP.,2010-04-16 00:00:00.000,55.0,4.67
GAHBIN CORP.,2010-04-16 00:00:00.000,64.0,3.0
GAHBIN CORP.,2010-04-16 00:00:00.000,96.0,2.51
GAHBIN CORP.,2010-04-16 00:00:00.000,100.0,2.28
GAHBIN CORP.,2010-04-16 00:00:00.000,6.0,15.81
GAHBIN CORP.,2010-04-16 00:00:00.000,40.0,0.75
GAHBIN CORP.,2010-04-16 00:00:00.000,7.0,49.29
GAHBIN CORP.,2010-04-16 00:00:00.000,25.0,43.48
GAHBIN CORP.,2010-04-16 00:00:00.000,15.0,43.48
GAHBIN CORP.,2010-04-16 00:00:00.000,16.0,47.88
GAHBIN CORP.,2010-04-16 00:00:00.000,100.0,2.41
GAHBIN CORP.,2010-04-16 00:00:00.000,11.0,9.83
GAHBIN CORP.,2010-04-16 00:00:00.000,100.0,0.06
GAHBIN CORP.,2010-04-16 00:00:00.000,40.0,5.98
GAHBIN CORP.,2010-04-16 00:00:00.000,100.0,3.71
GAHBIN CORP.,2010-04-16 00:00:00.000,50.0,4.91
GAHBIN CORP.,2010-04-16 00:00:00.000,60.0,9.29
GAHBIN CORP.,2010-04-16 00:00:00.000,100.0,5.57
GAHBIN CORP.,2010-04-16 00:00:00.000,100.0,12.98
GAHBIN CORP.,2010-04-16 00:00:00.000,30.0,9.74
GAHBIN CORP.,2010-04-16 00:00:00.000,150.0,0.93
GAHBIN CORP.,2010-04-16 00:00:00.000,50.0,13.92
GAHBIN CORP.,2010-04-16 00:00:00.000,50.0,7.43
GAHBIN CORP.,2010-04-16 00:00:00.000,100.0,2.8
GAHBIN CORP.,2010-04-16 00:00:00.000,100.0,2.8
GAHBIN CORP.,2010-04-16 00:00:00.000,100.0,1.19
GAHBIN CORP.,2010-04-16 00:00:00.000,100.0,0.15
GAHBIN CORP.,2010-04-16 00:00:00.000,80.0,0.25
GAHBIN CORP.,2010-04-16 00:00:00.000,200.0,1.38
GAHBIN CORP.,2010-04-16 00:00:00.000,100.0,4.87
GAHBIN CORP.,2010-04-16 00:00:00.000,50.0,14.74
GAHBIN CORP.,2010-04-16 00:00:00.000,50.0,19.03
GAHBIN CORP.,2010-04-16 00:00:00.000,20.0,25.98
GAHBIN CORP.,2010-04-16 00:00:00.000,90.0,2.59
GAHBIN CORP.,2010-04-16 00:00:00.000,200.0,1.27
GAHBIN CORP.,2010-04-16 00:00:00.000,100.0,1.11
GAHBIN CORP.,2010-04-16 00:00:00.000,100.0,8.36
GAHBIN CORP.,2010-04-16 00:00:00.000,90.0,1.45
GAHBIN CORP.,2010-04-16 00:00:00.000,50.0,6.23
GAHBIN CORP.,2010-04-16 00:00:00.000,50.0,4.36
GAHBIN CORP.,2010-04-16 00:00:00.000,19.0,5.74
GAHBIN CORP.,2010-04-16 00:00:00.000,100.0,3.98
GAHBIN CORP.,2010-04-16 00:00:00.000,100.0,8.63
GAHBIN CORP.,2010-04-16 00:00:00.000,70.0,2.15
GAHBIN CORP.,2010-04-16 00:00:00.000,150.0,1.58
GAHBIN CORP.,2010-04-16 00:00:00.000,5.0,8.13
GAHBIN CORP.,2010-04-16 00:00:00.000,100.0,1.21
GAHBIN CORP.,2010-04-16 00:00:00.000,100.0,2.31
GAHBIN CORP.,2010-04-16 00:00:00.000,100.0,6.86
GAHBIN CORP.,2010-04-16 00:00:00.000,50.0,11.88
GAHBIN CORP.,2010-04-16 00:00:00.000,50.0,11.88
GAHBIN CORP.,2010-04-16 00:00:00.000,100.0,0.27
GAHBIN CORP.,2010-04-16 00:00:00.000,100.0,0.33
GAHBIN CORP.,2010-04-16 00:00:00.000,150.0,2.51
GAHBIN CORP.,2010-04-16 00:00:00.000,16.0,4.91
GAHBIN CORP.,2010-04-16 00:00:00.000,100.0,1.46
GAHBIN CORP.,2010-04-16 00:00:00.000,50.0,3.35
GAHBIN CORP.,2010-04-16 00:00:00.000,18.0,29.19
GAHBIN CORP.,2010-04-16 00:00:00.000,20.0,3.7
GAHBIN CORP.,2010-04-16 00:00:00.000,50.0,2.59
GAHBIN CORP.,2010-04-16 00:00:00.000,50.0,10.9
GAHBIN CORP.,2010-04-16 00:00:00.000,30.0,5.04
GAHBIN CORP.,2010-04-16 00:00:00.000,40.0,11.7
GAHBIN CORP.,2010-04-16 00:00:00.000,39.0,3.59
GAHBIN CORP.,2010-04-16 00:00:00.000,10.0,16.96
GAHBIN CORP.,2010-04-16 00:00:00.000,10.0,16.96
GAHBIN CORP.,2010-04-16 00:00:00.000,100.0,1.48
GAHBIN CORP.,2010-04-16 00:00:00.000,81.0,2.51
GAHBIN CORP.,2010-04-16 00:00:00.000,20.0,9.21
GAHBIN CORP.,2010-04-16 00:00:00.000,33.0,6.34
GAHBIN CORP.,2010-04-16 00:00:00.000,30.0,1.02
GAHBIN CORP.,2010-04-16 00:00:00.000,12.0,3.12
GAHBIN CORP.,2010-04-16 00:00:00.000,50.0,1.23
GAHBIN CORP.,2010-04-16 00:00:00.000,50.0,7.19
GAHBIN CORP.,2010-04-16 00:00:00.000,50.0,9.45
GAHBIN CORP.,2010-04-16 00:00:00.000,21.0,3.23
GAHBIN CORP.,2010-04-16 00:00:00.000,15.0,3.23
GAHBIN CORP.,2010-04-16 00:00:00.000,25.0,6.23
GAHBIN CORP.,2010-04-16 00:00:00.000,40.0,6.23
GAHBIN CORP.,2010-04-16 00:00:00.000,5.0,19.96
GAHBIN CORP.,2010-04-16 00:00:00.000,5.0,19.96
GAHBIN CORP.,2010-04-16 00:00:00.000,10.0,19.05
GAHBIN CORP.,2010-04-16 00:00:00.000,30.0,4.09
GAHBIN CORP.,2010-04-16 00:00:00.000,50.0,2.68
GAHBIN CORP.,2010-04-16 00:00:00.000,20.0,38.97
GAHBIN CORP.,2010-04-16 00:00:00.000,250.0,1.53
GAHBIN CORP.,2010-04-16 00:00:00.000,150.0,0.71
GAHBIN CORP.,2010-04-16 00:00:00.000,5.0,38.58
GAHBIN CORP.,2010-04-16 00:00:00.000,50.0,3.71
GAHBIN CORP.,2010-04-16 00:00:00.000,100.0,51.22
GAHBIN CORP.,2010-04-16 00:00:00.000,50.0,40.83
GAHBIN CORP.,2010-04-16 00:00:00.000,100.0,3.35
GAHBIN CORP.,2010-04-16 00:00:00.000,20.0,20.46
GAHBIN CORP.,2010-04-16 00:00:00.000,150.0,0.15
GAHBIN CORP.,2010-04-16 00:00:00.000,35.0,10.11
GAHBIN CORP.,2010-04-16 00:00:00.000,10.0,61.6
GAHBIN CORP.,2010-04-16 00:00:00.000,10.0,49.18
GAHBIN CORP.,2010-04-16 00:00:00.000,100.0,0.87
GAHBIN CORP.,2010-04-16 00:00:00.000,150.0,9.6
GAHBIN CORP.,2010-04-16 00:00:00.000,100.0,0.18
GAHBIN CORP.,2010-04-16 00:00:00.000,250.0,0.23
GAHBIN CORP.,2010-04-16 00:00:00.000,100.0,6.03
GAHBIN CORP.,2010-04-16 00:00:00.000,20.0,16.06
GAHBIN CORP.,2010-04-16 00:00:00.000,50.0,10.21
GAHBIN CORP.,2010-04-16 00:00:00.000,100.0,8.44
GAHBIN CORP.,2010-04-16 00:00:00.000,5.0,33.05
GAHBIN CORP.,2010-04-16 00:00:00.000,50.0,2.18
GAHBIN CORP.,2010-04-16 00:00:00.000,50.0,5.36
GAHBIN CORP.,2010-04-16 00:00:00.000,300.0,15.62
GAHBIN CORP.,2010-04-16 00:00:00.000,100.0,25.69
E.P.S.,2010-04-20 00:00:00.000,104.0,12.27
E.P.S.,2010-04-20 00:00:00.000,104.0,12.27
E.P.S.,2010-04-20 00:00:00.000,102.0,12.27
E.P.S.,2010-04-20 00:00:00.000,102.0,12.27
E.P.S.,2010-04-20 00:00:00.000,300.0,12.12
E.P.S.,2010-04-20 00:00:00.000,60.0,5.68
E.P.S.,2010-04-20 00:00:00.000,100.0,8.23
E.P.S.,2010-04-20 00:00:00.000,498.0,11.52
E.P.S.,2010-04-20 00:00:00.000,200.0,9.27
E.P.S.,2010-04-20 00:00:00.000,798.0,13.97
E.P.S.,2010-04-20 00:00:00.000,798.0,13.2
E.P.S.,2010-04-20 00:00:00.000,798.0,13.35
E.P.S.,2010-04-20 00:00:00.000,798.0,13.35
E.P.S.,2010-04-20 00:00:00.000,402.0,13.5
GAHBIN CORP.,2010-04-21 00:00:00.000,200.0,3.34
GAHBIN CORP.,2010-04-21 00:00:00.000,150.0,5.47
GAHBIN CORP.,2010-04-21 00:00:00.000,1300.0,3.36
GAHBIN CORP.,2010-04-21 00:00:00.000,295.0,1.96
GAHBIN CORP.,2010-04-21 00:00:00.000,200.0,1.48
GAHBIN CORP.,2010-04-21 00:00:00.000,20.0,1.48
GAHBIN CORP.,2010-04-21 00:00:00.000,40.0,2.15
GAHBIN CORP.,2010-04-21 00:00:00.000,50.0,2.79
GAHBIN CORP.,2010-04-21 00:00:00.000,5.0,9.69
OCAP,2010-06-18 00:00:00.000,1505.0,3.18
OCAP,2010-06-18 00:00:00.000,2000.0,5.13
OCAP,2010-06-18 00:00:00.000,400.0,3.9
OCAP,2010-06-18 00:00:00.000,300.0,3.9
OCAP,2010-06-18 00:00:00.000,150.0,5.23
OCAP,2010-06-18 00:00:00.000,400.0,3.94
OCAP,2010-06-18 00:00:00.000,400.0,3.56
OCAP,2010-06-18 00:00:00.000,500.0,3.56
OCAP,2010-06-18 00:00:00.000,400.0,3.04
OCAP,2010-06-18 00:00:00.000,50.0,4.7
OCAP,2010-06-18 00:00:00.000,50.0,4.7
OCAP,2010-06-18 00:00:00.000,150.0,4.99
OCAP,2010-06-18 00:00:00.000,100.0,5.22
OCAP,2010-06-18 00:00:00.000,100.0,6.84
OCAP,2010-06-18 00:00:00.000,100.0,6.84
OCAP,2010-06-18 00:00:00.000,150.0,5.04
ARSEN INDUSTRIAL,2010-06-18 00:00:00.000,150.0,5.11
ARSEN INDUSTRIAL,2010-06-18 00:00:00.000,200.0,8.06
ARSEN INDUSTRIAL,2010-06-18 00:00:00.000,100.0,5.79
ARSEN INDUSTRIAL,2010-06-18 00:00:00.000,30.0,4.19
ARSEN INDUSTRIAL,2010-06-18 00:00:00.000,100.0,4.43
ARSEN INDUSTRIAL,2010-06-18 00:00:00.000,50.0,4.31
ARSEN INDUSTRIAL,2010-06-18 00:00:00.000,200.0,3.82
ARSEN INDUSTRIAL,2010-06-18 00:00:00.000,50.0,7.08
ARSEN INDUSTRIAL,2010-06-18 00:00:00.000,100.0,5.83
ARSEN INDUSTRIAL,2010-06-18 00:00:00.000,200.0,8.2
ARSEN INDUSTRIAL,2010-06-18 00:00:00.000,100.0,8.2
ARSEN INDUSTRIAL,2010-06-18 00:00:00.000,500.0,5.9
ARSEN INDUSTRIAL,2010-06-18 00:00:00.000,100.0,3.29
ARSEN INDUSTRIAL,2010-06-18 00:00:00.000,479.0,2.85
ARSEN INDUSTRIAL,2010-06-18 00:00:00.000,400.0,12.6
HOTECH AUTOMOBILE ELECTRICAL,2010-07-02 00:00:00.000,120.0,9.72
HOTECH AUTOMOBILE ELECTRICAL,2010-07-02 00:00:00.000,150.0,15.12
HOTECH AUTOMOBILE ELECTRICAL,2010-07-02 00:00:00.000,200.0,24.62
HOTECH AUTOMOBILE ELECTRICAL,2010-07-02 00:00:00.000,200.0,17.5
HOTECH AUTOMOBILE ELECTRICAL,2010-07-02 00:00:00.000,176.0,18.36
HOTECH AUTOMOBILE ELECTRICAL,2010-07-02 00:00:00.000,120.0,14.3
HOTECH AUTOMOBILE ELECTRICAL,2010-07-02 00:00:00.000,120.0,13.4
HOTECH AUTOMOBILE ELECTRICAL,2010-07-02 00:00:00.000,240.0,13.9
HOTECH AUTOMOBILE ELECTRICAL,2010-07-02 00:00:00.000,220.0,14.0
HOTECH AUTOMOBILE ELECTRICAL,2010-07-02 00:00:00.000,225.0,13.2
HOTECH AUTOMOBILE ELECTRICAL,2010-07-02 00:00:00.000,20.0,9.5
HOTECH AUTOMOBILE ELECTRICAL,2010-07-02 00:00:00.000,200.0,10.26
HOTECH AUTOMOBILE ELECTRICAL,2010-07-02 00:00:00.000,60.0,6.48
HOTECH AUTOMOBILE ELECTRICAL,2010-07-02 00:00:00.000,300.0,8.0
HOTECH AUTOMOBILE ELECTRICAL,2010-07-02 00:00:00.000,400.0,6.8
HOTECH AUTOMOBILE ELECTRICAL,2010-07-02 00:00:00.000,140.0,6.0
HOTECH AUTOMOBILE ELECTRICAL,2010-07-02 00:00:00.000,360.0,1.7
"PORTER, INDUSTRIES",2010-07-02 00:00:00.000,50.0,18.0
"PORTER, INDUSTRIES",2010-07-02 00:00:00.000,50.0,20.0
"PORTER, INDUSTRIES",2010-07-02 00:00:00.000,50.0,17.25
"PORTER, INDUSTRIES",2010-07-02 00:00:00.000,50.0,17.97
"PORTER, INDUSTRIES",2010-07-02 00:00:00.000,100.0,2.35
"PORTER, INDUSTRIES",2010-07-02 00:00:00.000,50.0,2.0
"PORTER, INDUSTRIES",2010-07-02 00:00:00.000,300.0,1.67
"PORTER, INDUSTRIES",2010-07-02 00:00:00.000,50.0,1.2
"PORTER, INDUSTRIES",2010-07-02 00:00:00.000,300.0,1.27
"PORTER, INDUSTRIES",2010-07-02 00:00:00.000,60.0,12.65
"PORTER, INDUSTRIES",2010-07-02 00:00:00.000,60.0,11.35
"PORTER, INDUSTRIES",2010-07-02 00:00:00.000,500.0,2.65
"PORTER, INDUSTRIES",2010-07-02 00:00:00.000,50.0,6.4
"PORTER, INDUSTRIES",2010-07-02 00:00:00.000,300.0,6.7
"PORTER, INDUSTRIES",2010-07-02 00:00:00.000,100.0,7.0
"PORTER, INDUSTRIES",2010-07-02 00:00:00.000,100.0,3.33
"PORTER, INDUSTRIES",2010-07-02 00:00:00.000,50.0,4.2
"PORTER, INDUSTRIES",2010-07-02 00:00:00.000,50.0,5.6
"PORTER, INDUSTRIES",2010-07-02 00:00:00.000,100.0,4.2
"PORTER, INDUSTRIES",2010-07-02 00:00:00.000,60.0,12.65
GAHBIN CORP.,2010-07-30 00:00:00.000,100.0,1.85
GAHBIN CORP.,2010-07-30 00:00:00.000,12.0,10.58
GAHBIN CORP.,2010-07-30 00:00:00.000,50.0,5.66
GAHBIN CORP.,2010-07-30 00:00:00.000,20.0,10.66
GAHBIN CORP.,2010-07-30 00:00:00.000,40.0,6.39
GAHBIN CORP.,2010-07-30 00:00:00.000,19.0,16.62
GAHBIN CORP.,2010-07-30 00:00:00.000,80.0,6.79
GAHBIN CORP.,2010-07-30 00:00:00.000,140.0,2.04
GAHBIN CORP.,2010-07-30 00:00:00.000,2000.0,7.61
GAHBIN CORP.,2010-07-30 00:00:00.000,50.0,12.52
GAHBIN CORP.,2010-07-30 00:00:00.000,55.0,8.38
GAHBIN CORP.,2010-07-30 00:00:00.000,250.0,0.75
GAHBIN CORP.,2010-07-30 00:00:00.000,100.0,0.32
GAHBIN CORP.,2010-07-30 00:00:00.000,150.0,1.48
GAHBIN CORP.,2010-07-30 00:00:00.000,84.0,3.7
GAHBIN CORP.,2010-07-30 00:00:00.000,100.0,0.93
GAHBIN CORP.,2010-07-30 00:00:00.000,75.0,0.19
GAHBIN CORP.,2010-07-30 00:00:00.000,100.0,0.14
GAHBIN CORP.,2010-07-30 00:00:00.000,100.0,3.27
GAHBIN CORP.,2010-07-30 00:00:00.000,24.0,16.28
GAHBIN CORP.,2010-07-30 00:00:00.000,60.0,11.33
GAHBIN CORP.,2010-07-30 00:00:00.000,100.0,1.48
GAHBIN CORP.,2010-07-30 00:00:00.000,109.0,3.95
GAHBIN CORP.,2010-07-30 00:00:00.000,65.0,1.45
GAHBIN CORP.,2010-07-30 00:00:00.000,100.0,0.42
GAHBIN CORP.,2010-07-30 00:00:00.000,50.0,12.9
GAHBIN CORP.,2010-07-30 00:00:00.000,150.0,4.09
GAHBIN CORP.,2010-07-30 00:00:00.000,140.0,14.88
GAHBIN CORP.,2010-07-30 00:00:00.000,100.0,7.43
GAHBIN CORP.,2010-07-30 00:00:00.000,100.0,14.19
GAHBIN CORP.,2010-07-30 00:00:00.000,92.0,2.64
GAHBIN CORP.,2010-07-30 00:00:00.000,250.0,1.48
GAHBIN CORP.,2010-07-30 00:00:00.000,144.0,3.23
GAHBIN CORP.,2010-07-30 00:00:00.000,250.0,2.04
GAHBIN CORP.,2010-07-30 00:00:00.000,100.0,3.98
GAHBIN CORP.,2010-07-30 00:00:00.000,100.0,8.16
GAHBIN CORP.,2010-07-30 00:00:00.000,150.0,1.21
GAHBIN CORP.,2010-07-30 00:00:00.000,200.0,2.11
GAHBIN CORP.,2010-07-30 00:00:00.000,100.0,16.7
GAHBIN CORP.,2010-07-30 00:00:00.000,100.0,16.7
GAHBIN CORP.,2010-07-30 00:00:00.000,150.0,0.98
GAHBIN CORP.,2010-07-30 00:00:00.000,150.0,1.5
GAHBIN CORP.,2010-07-30 00:00:00.000,100.0,4.26
GAHBIN CORP.,2010-07-30 00:00:00.000,100.0,8.18
GAHBIN CORP.,2010-07-30 00:00:00.000,100.0,13.79
GAHBIN CORP.,2010-07-30 00:00:00.000,110.0,13.48
GAHBIN CORP.,2010-07-30 00:00:00.000,150.0,1.58
GAHBIN CORP.,2010-07-30 00:00:00.000,150.0,3.95
GAHBIN CORP.,2010-07-30 00:00:00.000,150.0,4.32
GAHBIN CORP.,2010-07-30 00:00:00.000,150.0,7.06
GAHBIN CORP.,2010-07-30 00:00:00.000,100.0,5.11
GAHBIN CORP.,2010-07-30 00:00:00.000,6.0,3.35
GAHBIN CORP.,2010-07-30 00:00:00.000,60.0,2.15
GAHBIN CORP.,2010-07-30 00:00:00.000,110.0,0.48
GAHBIN CORP.,2010-07-30 00:00:00.000,150.0,0.2
GAHBIN CORP.,2010-07-30 00:00:00.000,103.0,3.7
GAHBIN CORP.,2010-07-30 00:00:00.000,101.0,1.04
GAHBIN CORP.,2010-07-30 00:00:00.000,150.0,0.87
GAHBIN CORP.,2010-07-30 00:00:00.000,5.0,4.67
GAHBIN CORP.,2010-07-30 00:00:00.000,112.0,3.0
GAHBIN CORP.,2010-07-30 00:00:00.000,60.0,2.51
GAHBIN CORP.,2010-07-30 00:00:00.000,23.0,15.81
GAHBIN CORP.,2010-07-30 00:00:00.000,50.0,0.75
GAHBIN CORP.,2010-07-30 00:00:00.000,20.0,49.29
GAHBIN CORP.,2010-07-30 00:00:00.000,19.0,43.48
GAHBIN CORP.,2010-07-30 00:00:00.000,22.0,43.48
GAHBIN CORP.,2010-07-30 00:00:00.000,10.0,47.88
GAHBIN CORP.,2010-07-30 00:00:00.000,100.0,2.41
GAHBIN CORP.,2010-07-30 00:00:00.000,9.0,9.83
GAHBIN CORP.,2010-07-30 00:00:00.000,15.0,9.69
GAHBIN CORP.,2010-07-30 00:00:00.000,10.0,5.98
GAHBIN CORP.,2010-07-30 00:00:00.000,150.0,0.93
GAHBIN CORP.,2010-07-30 00:00:00.000,97.0,0.15
GAHBIN CORP.,2010-07-30 00:00:00.000,20.0,0.25
GAHBIN CORP.,2010-07-30 00:00:00.000,200.0,1.38
GAHBIN CORP.,2010-07-30 00:00:00.000,60.0,2.59
GAHBIN CORP.,2010-07-30 00:00:00.000,200.0,1.27
GAHBIN CORP.,2010-07-30 00:00:00.000,10.0,1.45
GAHBIN CORP.,2010-07-30 00:00:00.000,200.0,1.96
GAHBIN CORP.,2010-07-30 00:00:00.000,92.0,5.74
GAHBIN CORP.,2010-07-30 00:00:00.000,100.0,3.98
GAHBIN CORP.,2010-07-30 00:00:00.000,120.0,2.15
GAHBIN CORP.,2010-07-30 00:00:00.000,150.0,1.58
GAHBIN CORP.,2010-07-30 00:00:00.000,52.0,8.13
GAHBIN CORP.,2010-07-30 00:00:00.000,110.0,1.21
GAHBIN CORP.,2010-07-30 00:00:00.000,100.0,0.27
GAHBIN CORP.,2010-07-30 00:00:00.000,100.0,0.33
GAHBIN CORP.,2010-07-30 00:00:00.000,150.0,2.51
GAHBIN CORP.,2010-07-30 00:00:00.000,70.0,4.91
GAHBIN CORP.,2010-07-30 00:00:00.000,118.0,3.7
GAHBIN CORP.,2010-07-30 00:00:00.000,20.0,5.04
GAHBIN CORP.,2010-07-30 00:00:00.000,10.0,11.7
GAHBIN CORP.,2010-07-30 00:00:00.000,15.0,3.59
GAHBIN CORP.,2010-07-30 00:00:00.000,50.0,2.51
GAHBIN CORP.,2010-07-30 00:00:00.000,30.0,9.21
GAHBIN CORP.,2010-07-30 00:00:00.000,17.0,6.34
GAHBIN CORP.,2010-07-30 00:00:00.000,65.0,1.02
GAHBIN CORP.,2010-07-30 00:00:00.000,34.0,3.12
GAHBIN CORP.,2010-07-30 00:00:00.000,75.0,6.23
GAHBIN CORP.,2010-07-30 00:00:00.000,55.0,6.23
GAHBIN CORP.,2010-07-30 00:00:00.000,85.0,19.05
GAHBIN CORP.,2010-07-30 00:00:00.000,250.0,1.53
GAHBIN CORP.,2010-07-30 00:00:00.000,150.0,0.71
GAHBIN CORP.,2010-07-30 00:00:00.000,150.0,0.15
GAHBIN CORP.,2010-07-30 00:00:00.000,15.0,10.11
GAHBIN CORP.,2010-07-30 00:00:00.000,150.0,9.6
GAHBIN CORP.,2010-07-30 00:00:00.000,100.0,0.18
GAHBIN CORP.,2010-07-30 00:00:00.000,250.0,0.23
GAHBIN CORP.,2010-07-30 00:00:00.000,100.0,6.03
GAHBIN CORP.,2010-07-30 00:00:00.000,100.0,8.44
GAHBIN CORP.,2010-07-30 00:00:00.000,90.0,3.16
GAHBIN CORP.,2010-07-30 00:00:00.000,300.0,1.71
GAHBIN CORP.,2010-07-30 00:00:00.000,100.0,1.3
GAHBIN CORP.,2010-07-30 00:00:00.000,500.0,15.44
GAHBIN CORP.,2010-07-30 00:00:00.000,400.0,6.27
GAHBIN CORP.,2010-07-30 00:00:00.000,728.0,6.49
GAHBIN CORP.,2010-07-30 00:00:00.000,500.0,16.14
GAHBIN CORP.,2010-07-30 00:00:00.000,500.0,2.18
GAHBIN CORP.,2010-07-30 00:00:00.000,390.0,4.18
GAHBIN CORP.,2010-07-30 00:00:00.000,150.0,4.18
GAHBIN CORP.,2010-07-30 00:00:00.000,150.0,4.18
GAHBIN CORP.,2010-07-30 00:00:00.000,26.0,22.77
GAHBIN CORP.,2010-07-30 00:00:00.000,250.0,1.32
GAHBIN CORP.,2010-07-30 00:00:00.000,300.0,15.62
GAHBIN CORP.,2010-07-30 00:00:00.000,10.0,52.97
GAHBIN CORP.,2010-07-30 00:00:00.000,60.0,0.3
GAHBIN CORP.,2010-07-30 00:00:00.000,2500.0,0.26
GAHBIN CORP.,2010-07-30 00:00:00.000,540.0,4.63
GAHBIN CORP.,2010-07-30 00:00:00.000,200.0,6.61
GAHBIN CORP.,2010-07-30 00:00:00.000,50.0,1.25
GAHBIN CORP.,2010-07-30 00:00:00.000,50.0,1.48
GAHBIN CORP.,2010-07-30 00:00:00.000,500.0,1.63
GAHBIN CORP.,2010-07-30 00:00:00.000,350.0,2.02
GAHBIN CORP.,2010-07-30 00:00:00.000,240.0,0.43
GAHBIN CORP.,2010-07-30 00:00:00.000,40.0,3.07
GAHBIN CORP.,2010-07-30 00:00:00.000,40.0,7.0
GAHBIN CORP.,2010-07-30 00:00:00.000,150.0,2.41
GAHBIN CORP.,2010-07-30 00:00:00.000,250.0,4.0
GAHBIN CORP.,2010-07-30 00:00:00.000,600.0,1.01
GAHBIN CORP.,2010-07-30 00:00:00.000,200.0,2.18
GAHBIN CORP.,2010-07-30 00:00:00.000,300.0,1.6
GAHBIN CORP.,2010-07-30 00:00:00.000,550.0,2.64
GAHBIN CORP.,2010-07-30 00:00:00.000,250.0,0.86
GAHBIN CORP.,2010-07-30 00:00:00.000,20.0,1.71
GAHBIN CORP.,2010-07-30 00:00:00.000,600.0,1.76
GAHBIN CORP.,2010-07-30 00:00:00.000,400.0,0.33
GAHBIN CORP.,2010-07-30 00:00:00.000,25.0,32.19
GAHBIN CORP.,2010-07-30 00:00:00.000,13.0,2.15
GAHBIN CORP.,2010-07-30 00:00:00.000,100.0,1.07
GAHBIN CORP.,2010-07-30 00:00:00.000,250.0,0.71
GAHBIN CORP.,2010-07-30 00:00:00.000,1.0,8.48
GAHBIN CORP.,2010-07-30 00:00:00.000,20.0,1.78
GAHBIN CORP.,2010-07-30 00:00:00.000,100.0,5.97
GAHBIN CORP.,2010-07-30 00:00:00.000,14.0,6.18
GAHBIN CORP.,2010-07-30 00:00:00.000,150.0,9.22
GAHBIN CORP.,2010-07-30 00:00:00.000,50.0,0.95
GAHBIN CORP.,2010-07-30 00:00:00.000,150.0,1.63
GAHBIN CORP.,2010-07-30 00:00:00.000,136.0,1.53
GAHBIN CORP.,2010-07-30 00:00:00.000,30.0,5.57
GAHBIN CORP.,2010-07-30 00:00:00.000,100.0,3.68
GAHBIN CORP.,2010-07-30 00:00:00.000,150.0,3.5
GAHBIN CORP.,2010-07-30 00:00:00.000,40.0,18.46
GAHBIN CORP.,2010-07-30 00:00:00.000,8.0,0.48
GAHBIN CORP.,2010-07-30 00:00:00.000,150.0,8.01
GAHBIN CORP.,2010-07-30 00:00:00.000,23.0,6.98
GAHBIN CORP.,2010-07-30 00:00:00.000,100.0,2.92
GAHBIN CORP.,2010-07-30 00:00:00.000,15.0,31.84
GAHBIN CORP.,2010-07-30 00:00:00.000,49.0,13.68
GAHBIN CORP.,2010-07-30 00:00:00.000,150.0,1.61
GAHBIN CORP.,2010-07-30 00:00:00.000,70.0,5.31
GAHBIN CORP.,2010-07-30 00:00:00.000,100.0,0.45
GAHBIN CORP.,2010-07-30 00:00:00.000,150.0,2.18
GAHBIN CORP.,2010-07-30 00:00:00.000,8.0,2.55
GAHBIN CORP.,2010-07-30 00:00:00.000,150.0,1.28
GAHBIN CORP.,2010-07-30 00:00:00.000,200.0,0.86
GAHBIN CORP.,2010-07-30 00:00:00.000,100.0,1.73
GAHBIN CORP.,2010-07-30 00:00:00.000,100.0,0.37
GAHBIN CORP.,2010-07-30 00:00:00.000,247.0,0.93
GAHBIN CORP.,2010-07-30 00:00:00.000,100.0,0.78
GAHBIN CORP.,2010-07-30 00:00:00.000,100.0,0.42
GAHBIN CORP.,2010-07-30 00:00:00.000,255.0,0.93
GAHBIN CORP.,2010-07-30 00:00:00.000,15.0,1.78
GAHBIN CORP.,2010-07-30 00:00:00.000,100.0,1.85
GAHBIN CORP.,2010-07-30 00:00:00.000,100.0,1.11
GAHBIN CORP.,2010-07-30 00:00:00.000,100.0,3.27
ARSEN INDUSTRIAL,2010-08-10 00:00:00.000,250.0,6.65
ARSEN INDUSTRIAL,2010-08-10 00:00:00.000,200.0,6.68
ARSEN INDUSTRIAL,2010-08-10 00:00:00.000,400.0,6.65
ARSEN INDUSTRIAL,2010-08-10 00:00:00.000,80.0,6.65
ARSEN INDUSTRIAL,2010-08-10 00:00:00.000,250.0,6.65
ARSEN INDUSTRIAL,2010-08-10 00:00:00.000,250.0,6.65
ARSEN INDUSTRIAL,2010-08-10 00:00:00.000,200.0,6.65
ARSEN INDUSTRIAL,2010-08-10 00:00:00.000,100.0,6.65
ARSEN INDUSTRIAL,2010-08-10 00:00:00.000,80.0,6.65
ARSEN INDUSTRIAL,2010-08-10 00:00:00.000,300.0,6.65
ARSEN INDUSTRIAL,2010-08-10 00:00:00.000,250.0,6.65
ARSEN INDUSTRIAL,2010-08-10 00:00:00.000,150.0,6.65
ARSEN INDUSTRIAL,2010-08-10 00:00:00.000,50.0,6.65
ARSEN INDUSTRIAL,2010-08-10 00:00:00.000,40.0,6.65
ARSEN INDUSTRIAL,2010-08-10 00:00:00.000,40.0,6.65
ARSEN INDUSTRIAL,2010-08-10 00:00:00.000,200.0,6.65
ARSEN INDUSTRIAL,2010-08-10 00:00:00.000,200.0,6.65
ARSEN INDUSTRIAL,2010-08-10 00:00:00.000,30.0,6.65
ARSEN INDUSTRIAL,2010-08-10 00:00:00.000,150.0,6.65
ARSEN INDUSTRIAL,2010-08-10 00:00:00.000,350.0,6.65
ARSEN INDUSTRIAL,2010-08-10 00:00:00.000,130.0,6.65
ARSEN INDUSTRIAL,2010-08-10 00:00:00.000,50.0,6.65
ARSEN INDUSTRIAL,2010-08-10 00:00:00.000,10.0,6.65
ARSEN INDUSTRIAL,2010-08-10 00:00:00.000,30.0,7.24
ARSEN INDUSTRIAL,2010-08-10 00:00:00.000,130.0,6.65
ARSEN INDUSTRIAL,2010-08-10 00:00:00.000,10.0,6.65
ARSEN INDUSTRIAL,2010-08-10 00:00:00.000,20.0,6.65
ARSEN INDUSTRIAL,2010-08-10 00:00:00.000,20.0,6.65
ARSEN INDUSTRIAL,2010-08-10 00:00:00.000,80.0,9.12
ARSEN INDUSTRIAL,2010-08-10 00:00:00.000,20.0,10.06
ARSEN INDUSTRIAL,2010-08-10 00:00:00.000,100.0,8.65
ARSEN INDUSTRIAL,2010-08-10 00:00:00.000,40.0,8.65
ARSEN INDUSTRIAL,2010-08-10 00:00:00.000,250.0,7.71
ARSEN INDUSTRIAL,2010-08-10 00:00:00.000,20.0,11.28
ARSEN INDUSTRIAL,2010-08-10 00:00:00.000,200.0,11.28
ARSEN INDUSTRIAL,2010-08-10 00:00:00.000,20.0,11.28
ARSEN INDUSTRIAL,2010-08-10 00:00:00.000,30.0,9.12
ARSEN INDUSTRIAL,2010-08-10 00:00:00.000,50.0,6.65
ARSEN INDUSTRIAL,2010-08-10 00:00:00.000,50.0,6.69
ARSEN INDUSTRIAL,2010-08-10 00:00:00.000,50.0,6.65
ARSEN INDUSTRIAL,2010-08-10 00:00:00.000,20.0,6.64
ARSEN INDUSTRIAL,2010-08-10 00:00:00.000,30.0,9.12
ARSEN INDUSTRIAL,2010-08-10 00:00:00.000,250.0,8.65
ARSEN INDUSTRIAL,2010-08-10 00:00:00.000,50.0,8.65
ARSEN INDUSTRIAL,2010-08-10 00:00:00.000,30.0,11.28
ARSEN INDUSTRIAL,2010-08-10 00:00:00.000,50.0,9.12
ARSEN INDUSTRIAL,2010-08-10 00:00:00.000,30.0,9.12
ARSEN INDUSTRIAL,2010-08-10 00:00:00.000,30.0,8.65
ARSEN INDUSTRIAL,2010-08-10 00:00:00.000,50.0,9.87
ARSEN INDUSTRIAL,2010-08-10 00:00:00.000,40.0,10.9
ARSEN INDUSTRIAL,2010-08-10 00:00:00.000,50.0,9.12
ARSEN INDUSTRIAL,2010-08-10 00:00:00.000,50.0,9.12
ARSEN INDUSTRIAL,2010-08-10 00:00:00.000,10.0,10.06
ARSEN INDUSTRIAL,2010-08-10 00:00:00.000,250.0,11.28
ARSEN INDUSTRIAL,2010-08-10 00:00:00.000,100.0,9.12
ARSEN INDUSTRIAL,2010-08-10 00:00:00.000,100.0,9.12
ARSEN INDUSTRIAL,2010-08-10 00:00:00.000,10.0,9.4
ARSEN INDUSTRIAL,2010-08-10 00:00:00.000,10.0,8.65
ARSEN INDUSTRIAL,2010-08-10 00:00:00.000,30.0,8.65
ARSEN INDUSTRIAL,2010-08-10 00:00:00.000,40.0,8.65
ARSEN INDUSTRIAL,2010-08-10 00:00:00.000,30.0,9.12
ARSEN INDUSTRIAL,2010-08-10 00:00:00.000,80.0,7.24
ARSEN INDUSTRIAL,2010-08-10 00:00:00.000,10.0,8.46
ARSEN INDUSTRIAL,2010-08-10 00:00:00.000,50.0,6.65
ARSEN INDUSTRIAL,2010-08-10 00:00:00.000,80.0,6.65
ARSEN INDUSTRIAL,2010-08-10 00:00:00.000,20.0,6.65
ARSEN INDUSTRIAL,2010-08-10 00:00:00.000,250.0,6.65
ARSEN INDUSTRIAL,2010-08-10 00:00:00.000,20.0,6.65
ARSEN INDUSTRIAL,2010-08-10 00:00:00.000,50.0,7.24
ARSEN INDUSTRIAL,2010-08-10 00:00:00.000,30.0,7.24
ARSEN INDUSTRIAL,2010-08-10 00:00:00.000,20.0,6.65
ARSEN INDUSTRIAL,2010-08-10 00:00:00.000,10.0,7.24
ARSEN INDUSTRIAL,2010-08-10 00:00:00.000,20.0,6.65
ARSEN INDUSTRIAL,2010-08-10 00:00:00.000,20.0,9.12
ARSEN INDUSTRIAL,2010-08-10 00:00:00.000,20.0,6.65
ARSEN INDUSTRIAL,2010-08-10 00:00:00.000,20.0,11.75
ARSEN INDUSTRIAL,2010-08-10 00:00:00.000,100.0,6.65
ARSEN INDUSTRIAL,2010-08-10 00:00:00.000,100.0,6.65
ARSEN INDUSTRIAL,2010-08-10 00:00:00.000,40.0,6.65
ARSEN INDUSTRIAL,2010-08-10 00:00:00.000,20.0,6.65
ARSEN INDUSTRIAL,2010-08-10 00:00:00.000,250.0,11.28
ARSEN INDUSTRIAL,2010-08-10 00:00:00.000,20.0,6.65
ARSEN INDUSTRIAL,2010-08-10 00:00:00.000,20.0,6.65
ARSEN INDUSTRIAL,2010-08-10 00:00:00.000,200.0,6.65
ARSEN INDUSTRIAL,2010-08-10 00:00:00.000,100.0,7.52
ARSEN INDUSTRIAL,2010-08-10 00:00:00.000,50.0,6.65
ARSEN INDUSTRIAL,2010-08-10 00:00:00.000,50.0,6.65
ARSEN INDUSTRIAL,2010-08-10 00:00:00.000,50.0,7.05
ARSEN INDUSTRIAL,2010-08-10 00:00:00.000,20.0,6.65
ARSEN INDUSTRIAL,2010-08-10 00:00:00.000,30.0,6.65
ARSEN INDUSTRIAL,2010-08-10 00:00:00.000,150.0,7.33
ARSEN INDUSTRIAL,2010-08-10 00:00:00.000,500.0,7.05
ARSEN INDUSTRIAL,2010-08-10 00:00:00.000,20.0,11.28
ARSEN INDUSTRIAL,2010-08-10 00:00:00.000,20.0,11.28
ARSEN INDUSTRIAL,2010-08-10 00:00:00.000,10.0,8.46
ARSEN INDUSTRIAL,2010-08-10 00:00:00.000,20.0,6.65
ARSEN INDUSTRIAL,2010-08-10 00:00:00.000,30.0,6.65
ARSEN INDUSTRIAL,2010-08-10 00:00:00.000,10.0,6.65
ARSEN INDUSTRIAL,2010-08-10 00:00:00.000,30.0,6.65
ARSEN INDUSTRIAL,2010-08-10 00:00:00.000,10.0,7.24
ARSEN INDUSTRIAL,2010-08-10 00:00:00.000,50.0,7.24
ARSEN INDUSTRIAL,2010-08-10 00:00:00.000,10.0,6.65
ARSEN INDUSTRIAL,2010-08-10 00:00:00.000,20.0,8.46
ARSEN INDUSTRIAL,2010-08-10 00:00:00.000,10.0,6.65
ARSEN INDUSTRIAL,2010-08-10 00:00:00.000,10.0,6.65
ARSEN INDUSTRIAL,2010-08-10 00:00:00.000,50.0,7.24
ARSEN INDUSTRIAL,2010-08-10 00:00:00.000,130.0,6.65
ARSEN INDUSTRIAL,2010-08-10 00:00:00.000,20.0,7.99
ARSEN INDUSTRIAL,2010-08-10 00:00:00.000,10.0,6.65
ARSEN INDUSTRIAL,2010-08-10 00:00:00.000,50.0,7.99
ARSEN INDUSTRIAL,2010-08-10 00:00:00.000,30.0,6.65
ARSEN INDUSTRIAL,2010-08-10 00:00:00.000,20.0,7.23
ARSEN INDUSTRIAL,2010-08-10 00:00:00.000,20.0,6.64
ARSEN INDUSTRIAL,2010-08-10 00:00:00.000,10.0,6.65
ARSEN INDUSTRIAL,2010-08-10 00:00:00.000,20.0,6.65
ARSEN INDUSTRIAL,2010-08-10 00:00:00.000,20.0,7.24
ARSEN INDUSTRIAL,2010-08-10 00:00:00.000,10.0,7.24
ARSEN INDUSTRIAL,2010-08-10 00:00:00.000,10.0,7.52
ARSEN INDUSTRIAL,2010-08-10 00:00:00.000,50.0,7.52
ARSEN INDUSTRIAL,2010-08-10 00:00:00.000,10.0,7.52
ARSEN INDUSTRIAL,2010-08-10 00:00:00.000,20.0,7.99
ARSEN INDUSTRIAL,2010-08-10 00:00:00.000,50.0,7.99
ARSEN INDUSTRIAL,2010-08-10 00:00:00.000,10.0,7.99
ARSEN INDUSTRIAL,2010-08-10 00:00:00.000,10.0,8.46
ARSEN INDUSTRIAL,2010-08-10 00:00:00.000,10.0,9.12
ARSEN INDUSTRIAL,2010-08-10 00:00:00.000,30.0,9.12
ARSEN INDUSTRIAL,2010-08-10 00:00:00.000,30.0,9.12
ARSEN INDUSTRIAL,2010-08-10 00:00:00.000,20.0,9.16
ARSEN INDUSTRIAL,2010-08-10 00:00:00.000,20.0,9.59
ARSEN INDUSTRIAL,2010-08-10 00:00:00.000,10.0,9.59
ARSEN INDUSTRIAL,2010-08-10 00:00:00.000,10.0,12.69
SKOPAR,2010-08-11 00:00:00.000,60.0,0.63
ARSEN INDUSTRIAL,2010-08-10 00:00:00.000,2000.0,2.29
ARSEN INDUSTRIAL,2010-08-10 00:00:00.000,1000.0,2.29
ARSEN INDUSTRIAL,2010-08-12 00:00:00.000,100.0,1.16
ARSEN INDUSTRIAL,2010-08-12 00:00:00.000,100.0,1.16
ARSEN INDUSTRIAL,2010-08-12 00:00:00.000,300.0,1.16
ARSEN INDUSTRIAL,2010-08-12 00:00:00.000,100.0,1.2
ARSEN INDUSTRIAL,2010-08-12 00:00:00.000,400.0,1.2
ARSEN INDUSTRIAL,2010-08-12 00:00:00.000,400.0,1.16
ARSEN INDUSTRIAL,2010-08-12 00:00:00.000,1000.0,1.14
ARSEN INDUSTRIAL,2010-08-12 00:00:00.000,100.0,1.2
ARSEN INDUSTRIAL,2010-08-12 00:00:00.000,400.0,1.2
ARSEN INDUSTRIAL,2010-08-12 00:00:00.000,800.0,1.16
ARSEN INDUSTRIAL,2010-08-12 00:00:00.000,800.0,1.16
ARSEN INDUSTRIAL,2010-08-12 00:00:00.000,150.0,1.2
ARSEN INDUSTRIAL,2010-08-12 00:00:00.000,200.0,1.2
ARSEN INDUSTRIAL,2010-08-12 00:00:00.000,60.0,1.2
ARSEN INDUSTRIAL,2010-08-12 00:00:00.000,200.0,1.16
ARSEN INDUSTRIAL,2010-08-12 00:00:00.000,100.0,1.2
ARSEN INDUSTRIAL,2010-08-12 00:00:00.000,100.0,1.2
ARSEN INDUSTRIAL,2010-08-12 00:00:00.000,400.0,1.16
ARSEN INDUSTRIAL,2010-08-12 00:00:00.000,50.0,1.2
ARSEN INDUSTRIAL,2010-08-12 00:00:00.000,40.0,1.2
ARSEN INDUSTRIAL,2010-08-12 00:00:00.000,300.0,1.2
ARSEN INDUSTRIAL,2010-08-12 00:00:00.000,300.0,1.2
ARSEN INDUSTRIAL,2010-08-12 00:00:00.000,500.0,1.16
ARSEN INDUSTRIAL,2010-08-12 00:00:00.000,50.0,1.2
ARSEN INDUSTRIAL,2010-08-12 00:00:00.000,100.0,1.16
ARSEN INDUSTRIAL,2010-08-12 00:00:00.000,100.0,1.2
ARSEN INDUSTRIAL,2010-08-12 00:00:00.000,60.0,1.2
ARSEN INDUSTRIAL,2010-08-12 00:00:00.000,150.0,1.2
ARSEN INDUSTRIAL,2010-08-12 00:00:00.000,150.0,1.2
ARSEN INDUSTRIAL,2010-08-12 00:00:00.000,300.0,1.16
ARSEN INDUSTRIAL,2010-08-12 00:00:00.000,300.0,1.16
ARSEN INDUSTRIAL,2010-08-12 00:00:00.000,300.0,1.16
ARSEN INDUSTRIAL,2010-08-12 00:00:00.000,50.0,1.2
ARSEN INDUSTRIAL,2010-08-12 00:00:00.000,500.0,1.16
ARSEN INDUSTRIAL,2010-08-12 00:00:00.000,300.0,1.2
ARSEN INDUSTRIAL,2010-08-12 00:00:00.000,300.0,1.2
ARSEN INDUSTRIAL,2010-08-12 00:00:00.000,500.0,1.2
ARSEN INDUSTRIAL,2010-08-12 00:00:00.000,1000.0,1.2
ARSEN INDUSTRIAL,2010-08-12 00:00:00.000,1000.0,1.2
ARSEN INDUSTRIAL,2010-08-12 00:00:00.000,100.0,1.16
ARSEN INDUSTRIAL,2010-08-12 00:00:00.000,200.0,1.16
ARSEN INDUSTRIAL,2010-08-12 00:00:00.000,200.0,1.2
ARSEN INDUSTRIAL,2010-08-12 00:00:00.000,50.0,1.16
ARSEN INDUSTRIAL,2010-08-12 00:00:00.000,40.0,1.16
ARSEN INDUSTRIAL,2010-08-12 00:00:00.000,200.0,1.16
ARSEN INDUSTRIAL,2010-08-12 00:00:00.000,40.0,1.16
ARSEN INDUSTRIAL,2010-08-12 00:00:00.000,40.0,1.19
SKOPAR,2010-08-11 00:00:00.000,60.0,0.75
SKOPAR,2010-08-11 00:00:00.000,50.0,1.39
SKOPAR,2010-08-11 00:00:00.000,30.0,0.36
SKOPAR,2010-08-11 00:00:00.000,100.0,0.93
SKOPAR,2010-08-11 00:00:00.000,175.0,1.32
SKOPAR,2010-08-11 00:00:00.000,200.0,7.22
SKOPAR,2010-08-11 00:00:00.000,50.0,4.54
SKOPAR,2010-08-11 00:00:00.000,260.0,0.22
SKOPAR,2010-08-11 00:00:00.000,20.0,25.55
SKOPAR,2010-08-11 00:00:00.000,50.0,2.36
SKOPAR,2010-08-11 00:00:00.000,60.0,9.03
SKOPAR,2010-08-11 00:00:00.000,750.0,1.17
SKOPAR,2010-08-11 00:00:00.000,200.0,0.58
SKOPAR,2010-08-11 00:00:00.000,200.0,0.82
SKOPAR,2010-08-11 00:00:00.000,200.0,0.36
SKOPAR,2010-08-11 00:00:00.000,30.0,5.69
SKOPAR,2010-08-11 00:00:00.000,400.0,1.17
SKOPAR,2010-08-11 00:00:00.000,400.0,0.98
SKOPAR,2010-08-11 00:00:00.000,50.0,1.48
SKOPAR,2010-08-11 00:00:00.000,204.0,5.06
SKOPAR,2010-08-11 00:00:00.000,100.0,6.03
SKOPAR,2010-08-11 00:00:00.000,100.0,4.03
SKOPAR,2010-08-11 00:00:00.000,100.0,0.27
SKOPAR,2010-08-11 00:00:00.000,100.0,2.18
SKOPAR,2010-08-11 00:00:00.000,160.0,2.7
SKOPAR,2010-08-11 00:00:00.000,150.0,1.5
SKOPAR,2010-08-11 00:00:00.000,100.0,2.63
SKOPAR,2010-08-11 00:00:00.000,50.0,2.34
SKOPAR,2010-08-11 00:00:00.000,30.0,4.44
SKOPAR,2010-08-11 00:00:00.000,30.0,2.7
SKOPAR,2010-08-11 00:00:00.000,35.0,2.47
SKOPAR,2010-08-11 00:00:00.000,100.0,3.04
SKOPAR,2010-08-11 00:00:00.000,100.0,0.35
SKOPAR,2010-08-11 00:00:00.000,200.0,0.27
SKOPAR,2010-08-11 00:00:00.000,50.0,2.59
SKOPAR,2010-08-11 00:00:00.000,200.0,2.06
SKOPAR,2010-08-11 00:00:00.000,200.0,1.02
SKOPAR,2010-08-11 00:00:00.000,50.0,1.77
SKOPAR,2010-08-11 00:00:00.000,100.0,1.68
SKOPAR,2010-08-11 00:00:00.000,60.0,3.09
SKOPAR,2010-08-11 00:00:00.000,120.0,3.18
SKOPAR,2010-08-11 00:00:00.000,40.0,1.67
SKOPAR,2010-08-11 00:00:00.000,100.0,2.13
SKOPAR,2010-08-11 00:00:00.000,100.0,2.13
SKOPAR,2010-08-11 00:00:00.000,50.0,1.3
SKOPAR,2010-08-11 00:00:00.000,30.0,0.66
SKOPAR,2010-08-11 00:00:00.000,32.0,43.83
SKOPAR,2010-08-11 00:00:00.000,100.0,0.35
SKOPAR,2010-08-11 00:00:00.000,100.0,0.7
SKOPAR,2010-08-11 00:00:00.000,60.0,44.96
SKOPAR,2010-08-11 00:00:00.000,120.0,0.55
SKOPAR,2010-08-11 00:00:00.000,10.0,11.56
SKOPAR,2010-08-11 00:00:00.000,100.0,0.65
SKOPAR,2010-08-11 00:00:00.000,180.0,6.81
SKOPAR,2010-08-11 00:00:00.000,30.0,1.64
SKOPAR,2010-08-11 00:00:00.000,25.0,0.54
SKOPAR,2010-08-11 00:00:00.000,210.0,2.5
SKOPAR,2010-08-11 00:00:00.000,200.0,2.23
SKOPAR,2010-08-11 00:00:00.000,100.0,2.09
SKOPAR,2010-08-11 00:00:00.000,200.0,14.82
SKOPAR,2010-08-11 00:00:00.000,271.0,0.51
SKOPAR,2010-08-11 00:00:00.000,50.0,11.35
SKOPAR,2010-08-11 00:00:00.000,50.0,11.35
SKOPAR,2010-08-11 00:00:00.000,210.0,0.52
SKOPAR,2010-08-11 00:00:00.000,100.0,3.04
SKOPAR,2010-08-11 00:00:00.000,80.0,26.96
SKOPAR,2010-08-11 00:00:00.000,300.0,8.25
SKOPAR,2010-08-11 00:00:00.000,37.0,2.09
SKOPAR,2010-08-11 00:00:00.000,56.0,12.17
SKOPAR,2010-08-11 00:00:00.000,60.0,1.67
SKOPAR,2010-08-11 00:00:00.000,150.0,1.67
SKOPAR,2010-08-11 00:00:00.000,88.0,19.15
SKOPAR,2010-08-11 00:00:00.000,50.0,2.7
SKOPAR,2010-08-11 00:00:00.000,30.0,2.32
SKOPAR,2010-08-11 00:00:00.000,200.0,1.63
SKOPAR,2010-08-11 00:00:00.000,300.0,0.66
SKOPAR,2010-08-11 00:00:00.000,99.0,0.15
SKOPAR,2010-08-11 00:00:00.000,160.0,9.03
SKOPAR,2010-08-11 00:00:00.000,200.0,13.22
SKOPAR,2010-08-11 00:00:00.000,70.0,6.95
SKOPAR,2010-08-11 00:00:00.000,50.0,3.64
SKOPAR,2010-08-11 00:00:00.000,236.0,0.46
SKOPAR,2010-08-11 00:00:00.000,58.0,12.17
SKOPAR,2010-08-11 00:00:00.000,100.0,1.11
SKOPAR,2010-08-11 00:00:00.000,24.0,9.49
SKOPAR,2010-08-11 00:00:00.000,10.0,0.85
SKOPAR,2010-08-11 00:00:00.000,50.0,0.62
SKOPAR,2010-08-11 00:00:00.000,80.0,9.41
SKOPAR,2010-08-11 00:00:00.000,100.0,2.22
SKOPAR,2010-08-11 00:00:00.000,18.0,2.22
SKOPAR,2010-08-11 00:00:00.000,56.0,7.33
SKOPAR,2010-08-11 00:00:00.000,5.0,31.34
SKOPAR,2010-08-11 00:00:00.000,5.0,29.91
SKOPAR,2010-08-11 00:00:00.000,50.0,0.5
SKOPAR,2010-08-11 00:00:00.000,50.0,0.36
SKOPAR,2010-08-11 00:00:00.000,120.0,1.45
SKOPAR,2010-08-11 00:00:00.000,210.0,0.46
SKOPAR,2010-08-11 00:00:00.000,50.0,1.85
SKOPAR,2010-08-11 00:00:00.000,550.0,7.05
SKOPAR,2010-08-11 00:00:00.000,50.0,2.57
SKOPAR,2010-08-11 00:00:00.000,160.0,8.19
SKOPAR,2010-08-11 00:00:00.000,100.0,0.86
SKOPAR,2010-08-11 00:00:00.000,50.0,16.91
SKOPAR,2010-08-11 00:00:00.000,50.0,0.86
SKOPAR,2010-08-11 00:00:00.000,20.0,20.31
SKOPAR,2010-08-11 00:00:00.000,100.0,2.7
SKOPAR,2010-08-11 00:00:00.000,250.0,1.93
SKOPAR,2010-08-11 00:00:00.000,100.0,2.82
SKOPAR,2010-08-11 00:00:00.000,30.0,0.75
SKOPAR,2010-08-11 00:00:00.000,30.0,7.11
SKOPAR,2010-08-11 00:00:00.000,20.0,11.44
SKOPAR,2010-08-11 00:00:00.000,100.0,10.14
SKOPAR,2010-08-11 00:00:00.000,20.0,48.97
SKOPAR,2010-08-11 00:00:00.000,80.0,14.94
SKOPAR,2010-08-11 00:00:00.000,100.0,14.03
SKOPAR,2010-08-11 00:00:00.000,42.0,19.14
SKOPAR,2010-08-11 00:00:00.000,102.0,20.15
SKOPAR,2010-08-11 00:00:00.000,50.0,0.96
SKOPAR,2010-08-11 00:00:00.000,90.0,11.26
SKOPAR,2010-08-11 00:00:00.000,50.0,3.04
SKOPAR,2010-08-11 00:00:00.000,15.0,2.16
SKOPAR,2010-08-11 00:00:00.000,28.0,1.3
SKOPAR,2010-08-11 00:00:00.000,20.0,1.75
SKOPAR,2010-08-11 00:00:00.000,20.0,20.92
SKOPAR,2010-08-11 00:00:00.000,150.0,3.46
SKOPAR,2010-08-11 00:00:00.000,50.0,0.39
SKOPAR,2010-08-11 00:00:00.000,200.0,0.93
SKOPAR,2010-08-11 00:00:00.000,50.0,2.64
SKOPAR,2010-08-11 00:00:00.000,300.0,16.21
SKOPAR,2010-08-11 00:00:00.000,408.0,17.63
SKOPAR,2010-08-11 00:00:00.000,200.0,5.84
SKOPAR,2010-08-11 00:00:00.000,30.0,1.26
SKOPAR,2010-08-11 00:00:00.000,70.0,16.91
SKOPAR,2010-08-11 00:00:00.000,120.0,2.32
SKOPAR,2010-08-11 00:00:00.000,50.0,0.63
SKOPAR,2010-08-11 00:00:00.000,180.0,1.4
SKOPAR,2010-08-11 00:00:00.000,20.0,98.8
SKOPAR,2010-08-11 00:00:00.000,20.0,11.77
SKOPAR,2010-08-11 00:00:00.000,20.0,11.77
SKOPAR,2010-08-11 00:00:00.000,10.0,51.56
SKOPAR,2010-08-11 00:00:00.000,30.0,1.77
SKOPAR,2010-08-11 00:00:00.000,39.0,3.59
SKOPAR,2010-08-11 00:00:00.000,300.0,2.7
SKOPAR,2010-08-11 00:00:00.000,50.0,0.34
SKOPAR,2010-08-11 00:00:00.000,100.0,3.6
SKOPAR,2010-08-11 00:00:00.000,20.0,20.15
SKOPAR,2010-08-11 00:00:00.000,30.0,2.32
SKOPAR,2010-08-11 00:00:00.000,80.0,1.52
SKOPAR,2010-08-11 00:00:00.000,240.0,1.32
SKOPAR,2010-08-11 00:00:00.000,50.0,3.23
SKOPAR,2010-08-11 00:00:00.000,100.0,0.32
SKOPAR,2010-08-11 00:00:00.000,120.0,8.55
SKOPAR,2010-08-11 00:00:00.000,20.0,12.51
SKOPAR,2010-08-11 00:00:00.000,28.0,14.21
SKOPAR,2010-08-11 00:00:00.000,30.0,10.34
SKOPAR,2010-08-11 00:00:00.000,50.0,1.63
SKOPAR,2010-08-11 00:00:00.000,36.0,4.97
SKOPAR,2010-08-11 00:00:00.000,195.0,20.39
SKOPAR,2010-08-11 00:00:00.000,50.0,11.03
SKOPAR,2010-08-11 00:00:00.000,5.0,31.77
SKOPAR,2010-08-11 00:00:00.000,5.0,31.77
SKOPAR,2010-08-11 00:00:00.000,10.0,42.53
SKOPAR,2010-08-11 00:00:00.000,12.0,39.19
SKOPAR,2010-08-11 00:00:00.000,12.0,39.19
SKOPAR,2010-08-11 00:00:00.000,30.0,9.37
SKOPAR,2010-08-11 00:00:00.000,30.0,9.37
SKOPAR,2010-08-11 00:00:00.000,50.0,10.1
SKOPAR,2010-08-11 00:00:00.000,102.0,13.99
SKOPAR,2010-08-11 00:00:00.000,50.0,1.85
SKOPAR,2010-08-11 00:00:00.000,8.0,2.8
SKOPAR,2010-08-11 00:00:00.000,60.0,0.39
SKOPAR,2010-08-11 00:00:00.000,20.0,2.47
SKOPAR,2010-08-11 00:00:00.000,150.0,1.5
SKOPAR,2010-08-11 00:00:00.000,40.0,14.96
SKOPAR,2010-08-11 00:00:00.000,50.0,13.02
SKOPAR,2010-08-11 00:00:00.000,42.0,11.06
SKOPAR,2010-08-11 00:00:00.000,5.0,12.65
SKOPAR,2010-08-11 00:00:00.000,54.0,4.64
SKOPAR,2010-08-11 00:00:00.000,50.0,10.96
SKOPAR,2010-08-11 00:00:00.000,20.0,3.31
SKOPAR,2010-08-11 00:00:00.000,200.0,0.85
SKOPAR,2010-08-11 00:00:00.000,10.0,42.6
SKOPAR,2010-08-11 00:00:00.000,20.0,4.44
SKOPAR,2010-08-11 00:00:00.000,50.0,0.84
SKOPAR,2010-08-11 00:00:00.000,24.0,7.81
SKOPAR,2010-08-11 00:00:00.000,300.0,1.03
SKOPAR,2010-08-11 00:00:00.000,20.0,4.31
SKOPAR,2010-08-11 00:00:00.000,20.0,0.4
SKOPAR,2010-08-11 00:00:00.000,10.0,4.68
SKOPAR,2010-08-11 00:00:00.000,40.0,3.89
SKOPAR,2010-08-11 00:00:00.000,100.0,1.95
SKOPAR,2010-08-11 00:00:00.000,5.0,22.1
SKOPAR,2010-08-11 00:00:00.000,50.0,1.48
SKOPAR,2010-08-11 00:00:00.000,175.0,4.39
SKOPAR,2010-08-11 00:00:00.000,10.0,10.34
SKOPAR,2010-08-11 00:00:00.000,150.0,3.79
SKOPAR,2010-08-11 00:00:00.000,50.0,1.48
SKOPAR,2010-08-11 00:00:00.000,20.0,3.75
SKOPAR,2010-08-11 00:00:00.000,100.0,12.95
SKOPAR,2010-08-11 00:00:00.000,300.0,1.64
SKOPAR,2010-08-11 00:00:00.000,40.0,15.99
SKOPAR,2010-08-11 00:00:00.000,19.0,15.51
SKOPAR,2010-08-11 00:00:00.000,54.0,5.04
SKOPAR,2010-08-11 00:00:00.000,10.0,11.44
SKOPAR,2010-08-11 00:00:00.000,5.0,43.2
SKOPAR,2010-08-11 00:00:00.000,64.0,13.83
SKOPAR,2010-08-11 00:00:00.000,20.0,15.21
SKOPAR,2010-08-11 00:00:00.000,50.0,4.21
SKOPAR,2010-08-11 00:00:00.000,30.0,2.46
SKOPAR,2010-08-11 00:00:00.000,35.0,9.45
SKOPAR,2010-08-11 00:00:00.000,30.0,1.57
SKOPAR,2010-08-11 00:00:00.000,50.0,2.16
SKOPAR,2010-08-11 00:00:00.000,100.0,1.09
SKOPAR,2010-08-11 00:00:00.000,18.0,15.99
SKOPAR,2010-08-11 00:00:00.000,50.0,0.4
SKOPAR,2010-08-11 00:00:00.000,100.0,1.8
SKOPAR,2010-08-11 00:00:00.000,40.0,6.46
SKOPAR,2010-08-11 00:00:00.000,20.0,13.46
SKOPAR,2010-08-11 00:00:00.000,75.0,13.26
SKOPAR,2010-08-11 00:00:00.000,50.0,8.45
SKOPAR,2010-08-11 00:00:00.000,5.0,6.15
SKOPAR,2010-08-11 00:00:00.000,20.0,22.37
SKOPAR,2010-08-11 00:00:00.000,24.0,36.78
SKOPAR,2010-08-11 00:00:00.000,120.0,2.46
SKOPAR,2010-08-11 00:00:00.000,60.0,20.42
SKOPAR,2010-08-11 00:00:00.000,100.0,0.52
SKOPAR,2010-08-11 00:00:00.000,60.0,1.63
SKOPAR,2010-08-11 00:00:00.000,50.0,7.36
SKOPAR,2010-08-11 00:00:00.000,192.0,7.51
SKOPAR,2010-08-11 00:00:00.000,80.0,2.09
SKOPAR,2010-08-11 00:00:00.000,10.0,22.93
SKOPAR,2010-08-11 00:00:00.000,50.0,28.91
SKOPAR,2010-08-11 00:00:00.000,20.0,1.82
SKOPAR,2010-08-11 00:00:00.000,20.0,3.23
SKOPAR,2010-08-11 00:00:00.000,50.0,0.61
SKOPAR,2010-08-11 00:00:00.000,20.0,23.56
SKOPAR,2010-08-11 00:00:00.000,15.0,29.23
SKOPAR,2010-08-11 00:00:00.000,15.0,29.23
SKOPAR,2010-08-11 00:00:00.000,190.0,17.46
SKOPAR,2010-08-11 00:00:00.000,1.0,37.06
SKOPAR,2010-08-11 00:00:00.000,3.0,37.06
SKOPAR,2010-08-11 00:00:00.000,20.0,33.35
SKOPAR,2010-08-11 00:00:00.000,20.0,39.84
SKOPAR,2010-08-11 00:00:00.000,30.0,3.95
SKOPAR,2010-08-11 00:00:00.000,34.0,32.43
SKOPAR,2010-08-11 00:00:00.000,20.0,21.91
SKOPAR,2010-08-11 00:00:00.000,40.0,1.51
SKOPAR,2010-08-11 00:00:00.000,80.0,1.48
SKOPAR,2010-08-11 00:00:00.000,20.0,45.83
SKOPAR,2010-08-11 00:00:00.000,55.0,23.39
SKOPAR,2010-08-11 00:00:00.000,30.0,23.39
SKOPAR,2010-08-11 00:00:00.000,100.0,0.61
SKOPAR,2010-08-11 00:00:00.000,60.0,0.63
SKOPAR,2010-08-11 00:00:00.000,85.0,15.17
SKOPAR,2010-08-11 00:00:00.000,60.0,1.48
SKOPAR,2010-08-11 00:00:00.000,50.0,0.59
SKOPAR,2010-08-11 00:00:00.000,60.0,1.08
SKOPAR,2010-08-11 00:00:00.000,40.0,1.51
SKOPAR,2010-08-11 00:00:00.000,50.0,0.59
SKOPAR,2010-08-11 00:00:00.000,20.0,12.28
SKOPAR,2010-08-11 00:00:00.000,8.0,5.78
SKOPAR,2010-08-11 00:00:00.000,60.0,3.75
SKOPAR,2010-08-11 00:00:00.000,32.0,6.49
SKOPAR,2010-08-11 00:00:00.000,5.0,24.14
SKOPAR,2010-08-11 00:00:00.000,50.0,0.55
SKOPAR,2010-08-11 00:00:00.000,50.0,0.55
SKOPAR,2010-08-11 00:00:00.000,20.0,3.08
SKOPAR,2010-08-11 00:00:00.000,20.0,3.08
SKOPAR,2010-08-11 00:00:00.000,30.0,6.44
SKOPAR,2010-08-11 00:00:00.000,30.0,6.44
SKOPAR,2010-08-11 00:00:00.000,50.0,1.19
SKOPAR,2010-08-11 00:00:00.000,74.0,3.1
SKOPAR,2010-08-11 00:00:00.000,10.0,18.48
SKOPAR,2010-08-11 00:00:00.000,10.0,18.48
SKOPAR,2010-08-11 00:00:00.000,95.0,3.07
SKOPAR,2010-08-11 00:00:00.000,100.0,3.07
SKOPAR,2010-08-11 00:00:00.000,12.0,39.19
SKOPAR,2010-08-11 00:00:00.000,12.0,39.19
SKOPAR,2010-08-11 00:00:00.000,50.0,1.3
SKOPAR,2010-08-11 00:00:00.000,10.0,18.53
SKOPAR,2010-08-11 00:00:00.000,10.0,18.53
SKOPAR,2010-08-11 00:00:00.000,30.0,4.2
SKOPAR,2010-08-11 00:00:00.000,30.0,4.2
SKOPAR,2010-08-11 00:00:00.000,10.0,7.08
SKOPAR,2010-08-11 00:00:00.000,20.0,6.39
SKOPAR,2010-08-11 00:00:00.000,20.0,32.19
SKOPAR,2010-08-11 00:00:00.000,21.0,12.73
SKOPAR,2010-08-11 00:00:00.000,30.0,6.65
SKOPAR,2010-08-11 00:00:00.000,40.0,2.16
SKOPAR,2010-08-11 00:00:00.000,5.0,4.58
SKOPAR,2010-08-11 00:00:00.000,48.0,3.11
SKOPAR,2010-08-11 00:00:00.000,100.0,1.29
SKOPAR,2010-08-11 00:00:00.000,84.0,1.62
SKOPAR,2010-08-11 00:00:00.000,20.0,12.48
SKOPAR,2010-08-11 00:00:00.000,5.0,55.11
SKOPAR,2010-08-11 00:00:00.000,5.0,23.99
SKOPAR,2010-08-11 00:00:00.000,20.0,1.09
SKOPAR,2010-08-11 00:00:00.000,5.0,22.1
SKOPAR,2010-08-11 00:00:00.000,5.0,17.57
SKOPAR,2010-08-11 00:00:00.000,5.0,17.57
SKOPAR,2010-08-11 00:00:00.000,30.0,1.3
SKOPAR,2010-08-11 00:00:00.000,36.0,26.59
SKOPAR,2010-08-11 00:00:00.000,20.0,12.65
SKOPAR,2010-08-11 00:00:00.000,10.0,6.64
SKOPAR,2010-08-11 00:00:00.000,10.0,10.35
SKOPAR,2010-08-11 00:00:00.000,30.0,0.98
SKOPAR,2010-08-11 00:00:00.000,36.0,13.77
SKOPAR,2010-08-11 00:00:00.000,50.0,1.64
SKOPAR,2010-08-11 00:00:00.000,100.0,4.87
SKOPAR,2010-08-11 00:00:00.000,20.0,19.5
SKOPAR,2010-08-11 00:00:00.000,20.0,19.5
SKOPAR,2010-08-11 00:00:00.000,50.0,1.8
SKOPAR,2010-08-17 00:00:00.000,28.0,1.3
SKOPAR,2010-08-17 00:00:00.000,20.0,19.46
SKOPAR,2010-08-17 00:00:00.000,20.0,24.04
SKOPAR,2010-08-17 00:00:00.000,40.0,1.77
SKOPAR,2010-08-17 00:00:00.000,75.0,3.36
ARSEN INDUSTRIAL,2010-08-31 00:00:00.000,100.0,6.09
ARSEN INDUSTRIAL,2010-08-31 00:00:00.000,600.0,7.35
ARSEN INDUSTRIAL,2010-08-31 00:00:00.000,200.0,8.45
ARSEN INDUSTRIAL,2010-08-31 00:00:00.000,30.0,8.03
ARSEN INDUSTRIAL,2010-08-31 00:00:00.000,100.0,10.67
ARSEN INDUSTRIAL,2010-08-31 00:00:00.000,300.0,6.79
ARSEN INDUSTRIAL,2010-08-31 00:00:00.000,100.0,6.79
ARSEN INDUSTRIAL,2010-08-31 00:00:00.000,30.0,6.79
ARSEN INDUSTRIAL,2010-08-31 00:00:00.000,30.0,6.23
ARSEN INDUSTRIAL,2010-08-31 00:00:00.000,50.0,13.17
ARSEN INDUSTRIAL,2010-08-31 00:00:00.000,100.0,12.2
ARSEN INDUSTRIAL,2010-08-31 00:00:00.000,50.0,12.2
ARSEN INDUSTRIAL,2010-08-31 00:00:00.000,100.0,6.37
ARSEN INDUSTRIAL,2010-08-31 00:00:00.000,50.0,6.09
ARSEN INDUSTRIAL,2010-08-31 00:00:00.000,50.0,6.72
ARSEN INDUSTRIAL,2010-08-31 00:00:00.000,30.0,5.82
ARSEN INDUSTRIAL,2010-08-31 00:00:00.000,200.0,6.82
ARSEN INDUSTRIAL,2010-08-31 00:00:00.000,200.0,6.37
ARSEN INDUSTRIAL,2010-08-31 00:00:00.000,100.0,7.21
ARSEN INDUSTRIAL,2010-08-31 00:00:00.000,300.0,6.79
ARSEN INDUSTRIAL,2010-08-31 00:00:00.000,30.0,7.9
ARSEN INDUSTRIAL,2010-08-31 00:00:00.000,300.0,5.93
ARSEN INDUSTRIAL,2010-08-31 00:00:00.000,50.0,6.93
ARSEN INDUSTRIAL,2010-08-31 00:00:00.000,30.0,6.09
ARSEN INDUSTRIAL,2010-08-31 00:00:00.000,500.0,5.9
ARSEN INDUSTRIAL,2010-08-31 00:00:00.000,100.0,3.29
ARSEN INDUSTRIAL,2010-08-31 00:00:00.000,500.0,2.85
ARSEN INDUSTRIAL,2010-08-31 00:00:00.000,499.0,12.6
ARSEN INDUSTRIAL,2010-08-31 00:00:00.000,150.0,17.28
ARSEN INDUSTRIAL,2010-08-31 00:00:00.000,20.0,17.61
ARSEN INDUSTRIAL,2010-08-31 00:00:00.000,150.0,18.94
ARSEN INDUSTRIAL,2010-08-31 00:00:00.000,20.0,13.8
ARSEN INDUSTRIAL,2010-08-31 00:00:00.000,30.0,29.37
ARSEN INDUSTRIAL,2010-08-31 00:00:00.000,30.0,19.78
ARSEN INDUSTRIAL,2010-08-31 00:00:00.000,300.0,19.93
ARSEN INDUSTRIAL,2010-08-31 00:00:00.000,100.0,20.22
ARSEN INDUSTRIAL,2010-08-31 00:00:00.000,150.0,20.07
ARSEN INDUSTRIAL,2010-08-31 00:00:00.000,100.0,20.57
ARSEN INDUSTRIAL,2010-08-31 00:00:00.000,300.0,17.64
HOTECH AUTOMOBILE ELECTRICAL,2010-09-06 00:00:00.000,200.0,24.62
HOTECH AUTOMOBILE ELECTRICAL,2010-09-06 00:00:00.000,150.0,15.12
HOTECH AUTOMOBILE ELECTRICAL,2010-09-06 00:00:00.000,200.0,17.5
HOTECH AUTOMOBILE ELECTRICAL,2010-09-06 00:00:00.000,184.0,18.36
HOTECH AUTOMOBILE ELECTRICAL,2010-09-06 00:00:00.000,120.0,9.72
HOTECH AUTOMOBILE ELECTRICAL,2010-09-06 00:00:00.000,220.0,14.0
HOTECH AUTOMOBILE ELECTRICAL,2010-09-06 00:00:00.000,120.0,13.4
HOTECH AUTOMOBILE ELECTRICAL,2010-09-06 00:00:00.000,240.0,13.9
HOTECH AUTOMOBILE ELECTRICAL,2010-09-06 00:00:00.000,120.0,14.3
HOTECH AUTOMOBILE ELECTRICAL,2010-09-06 00:00:00.000,225.0,13.2
HOTECH AUTOMOBILE ELECTRICAL,2010-09-06 00:00:00.000,360.0,1.7
HOTECH AUTOMOBILE ELECTRICAL,2010-09-06 00:00:00.000,400.0,6.8
HOTECH AUTOMOBILE ELECTRICAL,2010-09-06 00:00:00.000,200.0,10.26
HOTECH AUTOMOBILE ELECTRICAL,2010-09-06 00:00:00.000,100.0,6.48
HOTECH AUTOMOBILE ELECTRICAL,2010-09-06 00:00:00.000,300.0,8.0
HOTECH AUTOMOBILE ELECTRICAL,2010-09-06 00:00:00.000,160.0,6.0
HOTECH AUTOMOBILE ELECTRICAL,2010-09-06 00:00:00.000,100.0,6.48
RONELL,2010-09-08 00:00:00.000,60.0,3.95
RONELL,2010-09-08 00:00:00.000,300.0,0.62
RONELL,2010-09-08 00:00:00.000,233.0,1.25
RONELL,2010-09-08 00:00:00.000,213.0,2.65
RONELL,2010-09-08 00:00:00.000,20.0,0.83
RONELL,2010-09-08 00:00:00.000,13.0,4.32
RONELL,2010-09-08 00:00:00.000,21.0,36.0
RONELL,2010-09-08 00:00:00.000,5.0,21.6
RONELL,2010-09-08 00:00:00.000,100.0,1.32
RONELL,2010-09-08 00:00:00.000,54.0,1.94
RONELL,2010-09-08 00:00:00.000,6.0,6.93
RONELL,2010-09-08 00:00:00.000,150.0,4.35
RONELL,2010-09-08 00:00:00.000,313.0,0.6
RONELL,2010-09-08 00:00:00.000,200.0,5.25
RONELL,2010-09-08 00:00:00.000,200.0,7.25
RONELL,2010-09-08 00:00:00.000,50.0,15.8
RONELL,2010-09-08 00:00:00.000,300.0,1.83
RONELL,2010-09-08 00:00:00.000,200.0,0.92
RONELL,2010-09-08 00:00:00.000,200.0,1.16
RONELL,2010-09-08 00:00:00.000,200.0,9.13
RONELL,2010-09-08 00:00:00.000,200.0,1.55
RONELL,2010-09-08 00:00:00.000,60.0,15.09
RONELL,2010-09-08 00:00:00.000,156.0,6.79
RONELL,2010-09-08 00:00:00.000,200.0,2.45
RONELL,2010-09-08 00:00:00.000,160.0,1.2
RONELL,2010-09-08 00:00:00.000,200.0,7.98
RONELL,2010-09-08 00:00:00.000,1000.0,0.18
RONELL,2010-09-08 00:00:00.000,60.0,0.8
RONELL,2010-09-08 00:00:00.000,50.0,5.49
RONELL,2010-09-08 00:00:00.000,150.0,5.45
RONELL,2010-09-08 00:00:00.000,100.0,0.49
RONELL,2010-09-08 00:00:00.000,64.0,15.75
RONELL,2010-09-08 00:00:00.000,100.0,0.36
RONELL,2010-09-08 00:00:00.000,16.0,8.96
RONELL,2010-09-08 00:00:00.000,100.0,0.75
RONELL,2010-09-08 00:00:00.000,208.0,5.75
RONELL,2010-09-08 00:00:00.000,800.0,5.65
RONELL,2010-09-08 00:00:00.000,200.0,0.32
RONELL,2010-09-08 00:00:00.000,50.0,5.15
RONELL,2010-09-08 00:00:00.000,100.0,2.3
RONELL,2010-09-08 00:00:00.000,84.0,6.15
RONELL,2010-09-08 00:00:00.000,200.0,0.5
RONELL,2010-09-08 00:00:00.000,50.0,4.55
RONELL,2010-09-08 00:00:00.000,1535.0,0.81
RONELL,2010-09-08 00:00:00.000,1000.0,3.78
RONELL,2010-09-08 00:00:00.000,30.0,9.48
RONELL,2010-09-08 00:00:00.000,1000.0,0.76
RONELL,2010-09-08 00:00:00.000,800.0,3.78
RONELL,2010-09-08 00:00:00.000,2000.0,0.31
RONELL,2010-09-08 00:00:00.000,560.0,0.35
RONELL,2010-09-08 00:00:00.000,640.0,0.28
RONELL,2010-09-08 00:00:00.000,1000.0,3.65
RONELL,2010-09-08 00:00:00.000,1000.0,0.23
RONELL,2010-09-08 00:00:00.000,200.0,0.32
RONELL,2010-09-08 00:00:00.000,200.0,0.32
RONELL,2010-09-08 00:00:00.000,20.0,0.37
RONELL,2010-09-08 00:00:00.000,100.0,0.32
RONELL,2010-09-08 00:00:00.000,100.0,1.2
RONELL,2010-09-08 00:00:00.000,300.0,1.11
RONELL,2010-09-08 00:00:00.000,200.0,3.83
RONELL,2010-09-08 00:00:00.000,500.0,0.17
RONELL,2010-09-08 00:00:00.000,200.0,0.28
RONELL,2010-09-08 00:00:00.000,50.0,7.51
RONELL,2010-09-08 00:00:00.000,100.0,0.69
RONELL,2010-09-08 00:00:00.000,60.0,1.55
RONELL,2010-09-08 00:00:00.000,150.0,2.16
RONELL,2010-09-08 00:00:00.000,500.0,7.92
RONELL,2010-09-08 00:00:00.000,240.0,1.5
RONELL,2010-09-08 00:00:00.000,300.0,1.09
RONELL,2010-09-08 00:00:00.000,50.0,23.19
RONELL,2010-09-08 00:00:00.000,3.0,21.4
RONELL,2010-09-08 00:00:00.000,10.0,42.5
RONELL,2010-09-08 00:00:00.000,400.0,3.15
RONELL,2010-09-08 00:00:00.000,60.0,6.55
RONELL,2010-09-08 00:00:00.000,60.0,6.55
RONELL,2010-09-08 00:00:00.000,300.0,8.98
RONELL,2010-09-08 00:00:00.000,200.0,4.97
RONELL,2010-09-08 00:00:00.000,40.0,1.15
RONELL,2010-09-08 00:00:00.000,59.0,2.15
RONELL,2010-09-08 00:00:00.000,500.0,0.53
RONELL,2010-09-08 00:00:00.000,500.0,0.12
RONELL,2010-09-08 00:00:00.000,48.0,6.75
RONELL,2010-09-08 00:00:00.000,60.0,6.75
RONELL,2010-09-08 00:00:00.000,20.0,27.5
RONELL,2010-09-08 00:00:00.000,500.0,0.19
RONELL,2010-09-08 00:00:00.000,100.0,0.72
RONELL,2010-09-08 00:00:00.000,51.0,11.37
RONELL,2010-09-08 00:00:00.000,100.0,10.6
RONELL,2010-09-08 00:00:00.000,60.0,6.86
RONELL,2010-09-08 00:00:00.000,156.0,28.6
RONELL,2010-09-08 00:00:00.000,50.0,3.45
RONELL,2010-09-08 00:00:00.000,60.0,2.57
RONELL,2010-09-08 00:00:00.000,50.0,23.85
RONELL,2010-09-08 00:00:00.000,10.0,22.01
RONELL,2010-09-08 00:00:00.000,20.0,3.25
RONELL,2010-09-08 00:00:00.000,200.0,6.25
RONELL,2010-09-08 00:00:00.000,30.0,6.55
RONELL,2010-09-08 00:00:00.000,100.0,4.56
RONELL,2010-09-08 00:00:00.000,30.0,11.25
RONELL,2010-09-08 00:00:00.000,204.0,2.69
RONELL,2010-09-08 00:00:00.000,24.0,11.44
RONELL,2010-09-08 00:00:00.000,80.0,4.95
RONELL,2010-09-08 00:00:00.000,100.0,3.95
RONELL,2010-09-08 00:00:00.000,420.0,1.21
RONELL,2010-09-08 00:00:00.000,54.0,5.34
RONELL,2010-09-08 00:00:00.000,100.0,4.78
RONELL,2010-09-08 00:00:00.000,200.0,1.95
RONELL,2010-09-08 00:00:00.000,800.0,0.52
RONELL,2010-09-08 00:00:00.000,320.0,4.05
RONELL,2010-09-08 00:00:00.000,40.0,2.66
RONELL,2010-09-08 00:00:00.000,40.0,2.84
RONELL,2010-09-08 00:00:00.000,54.0,9.25
RONELL,2010-09-08 00:00:00.000,50.0,4.75
RONELL,2010-09-08 00:00:00.000,120.0,5.75
RONELL,2010-09-08 00:00:00.000,5.0,16.25
RONELL,2010-09-08 00:00:00.000,20.0,12.25
CHINA AND CANTON,2010-10-15 00:00:00.000,200.0,20.78
CHINA AND CANTON,2010-10-15 00:00:00.000,150.0,20.49
CHINA AND CANTON,2010-10-15 00:00:00.000,200.0,18.13
CHINA AND CANTON,2010-10-15 00:00:00.000,150.0,5.72
CHINA AND CANTON,2010-10-15 00:00:00.000,200.0,5.24
CHINA AND CANTON,2010-10-15 00:00:00.000,100.0,5.37
CHINA AND CANTON,2010-10-15 00:00:00.000,200.0,5.54
CHINA AND CANTON,2010-10-15 00:00:00.000,300.0,8.76
CHINA AND CANTON,2010-10-15 00:00:00.000,700.0,11.96
CHINA AND CANTON,2010-10-15 00:00:00.000,100.0,10.34
CHINA AND CANTON,2010-10-15 00:00:00.000,100.0,11.65
GAHBIN CORP.,2010-10-18 00:00:00.000,50.0,3.06
MEGO S.R.L.,2010-10-18 00:00:00.000,3000.0,2.1
"PORTER, INDUSTRIES",2010-10-28 00:00:00.000,600.0,7.3
ARSEN INDUSTRIAL,2010-11-10 00:00:00.000,25.0,3.12
ARSEN INDUSTRIAL,2010-11-10 00:00:00.000,25.0,3.94
ARSEN INDUSTRIAL,2010-11-10 00:00:00.000,50.0,2.72
ARSEN INDUSTRIAL,2010-11-10 00:00:00.000,50.0,3.63
ARSEN INDUSTRIAL,2010-11-10 00:00:00.000,50.0,2.67
ARSEN INDUSTRIAL,2010-11-10 00:00:00.000,75.0,2.85
ARSEN INDUSTRIAL,2010-11-10 00:00:00.000,75.0,2.73
ARSEN INDUSTRIAL,2010-11-10 00:00:00.000,75.0,2.54
ARSEN INDUSTRIAL,2010-11-10 00:00:00.000,100.0,4.22
ARSEN INDUSTRIAL,2010-11-10 00:00:00.000,100.0,3.01
ARSEN INDUSTRIAL,2010-11-10 00:00:00.000,100.0,3.58
ARSEN INDUSTRIAL,2010-11-10 00:00:00.000,100.0,3.42
ARSEN INDUSTRIAL,2010-11-10 00:00:00.000,100.0,2.82
ARSEN INDUSTRIAL,2010-11-10 00:00:00.000,80.0,2.66
ARSEN INDUSTRIAL,2010-11-10 00:00:00.000,150.0,3.78
ARSEN INDUSTRIAL,2010-11-10 00:00:00.000,200.0,2.88
ARSEN INDUSTRIAL,2010-11-10 00:00:00.000,250.0,3.14
ARSEN INDUSTRIAL,2010-11-10 00:00:00.000,270.0,2.52
ARSEN INDUSTRIAL,2010-11-10 00:00:00.000,250.0,2.98
ARSEN INDUSTRIAL,2010-11-10 00:00:00.000,250.0,2.21
ARSEN INDUSTRIAL,2010-11-10 00:00:00.000,250.0,3.77
ARSEN INDUSTRIAL,2010-11-10 00:00:00.000,500.0,2.32
ARSEN INDUSTRIAL,2010-11-10 00:00:00.000,750.0,2.82
ARSEN INDUSTRIAL,2010-11-10 00:00:00.000,75.0,3.71
ARSEN INDUSTRIAL,2010-11-10 00:00:00.000,100.0,3.53
ARSEN INDUSTRIAL,2010-11-10 00:00:00.000,1500.0,3.12
ARSEN INDUSTRIAL,2010-11-10 00:00:00.000,24.0,2.94
ARSEN INDUSTRIAL,2010-11-10 00:00:00.000,100.0,2.94
ARSEN INDUSTRIAL,2010-11-10 00:00:00.000,250.0,2.5
ARSEN INDUSTRIAL,2010-11-10 00:00:00.000,50.0,2.76
ARSEN INDUSTRIAL,2010-11-10 00:00:00.000,20.0,4.07
ARSEN INDUSTRIAL,2010-11-10 00:00:00.000,25.0,3.57
ARSEN INDUSTRIAL,2010-11-10 00:00:00.000,25.0,3.73
ARSEN INDUSTRIAL,2010-11-10 00:00:00.000,1000.0,3.02
ARSEN INDUSTRIAL,2010-11-10 00:00:00.000,25.0,3.87
ARSEN INDUSTRIAL,2010-11-10 00:00:00.000,50.0,2.29
ARSEN INDUSTRIAL,2010-11-10 00:00:00.000,500.0,2.72
ARSEN INDUSTRIAL,2010-11-10 00:00:00.000,101.0,2.94
ARSEN INDUSTRIAL,2010-11-10 00:00:00.000,100.0,2.51
ARSEN INDUSTRIAL,2010-11-10 00:00:00.000,25.0,4.49
ARSEN INDUSTRIAL,2010-11-10 00:00:00.000,25.0,3.46
ARSEN INDUSTRIAL,2010-11-10 00:00:00.000,200.0,3.24
ARSEN INDUSTRIAL,2010-11-10 00:00:00.000,50.0,3.23
ARSEN INDUSTRIAL,2010-11-10 00:00:00.000,100.0,3.61
ARSEN INDUSTRIAL,2010-11-10 00:00:00.000,150.0,2.68
ARSEN INDUSTRIAL,2010-11-10 00:00:00.000,500.0,2.68
ARSEN INDUSTRIAL,2010-11-10 00:00:00.000,25.0,3.17
ARSEN INDUSTRIAL,2010-11-10 00:00:00.000,100.0,2.72
ARSEN INDUSTRIAL,2010-11-10 00:00:00.000,250.0,3.43
ARSEN INDUSTRIAL,2010-11-10 00:00:00.000,100.0,3.2
ARSEN INDUSTRIAL,2010-11-10 00:00:00.000,150.0,4.8
ARSEN INDUSTRIAL,2010-11-10 00:00:00.000,250.0,3.0
ARSEN INDUSTRIAL,2010-11-10 00:00:00.000,1520.0,3.03
ARSEN INDUSTRIAL,2010-11-10 00:00:00.000,500.0,3.49
ARSEN INDUSTRIAL,2010-11-10 00:00:00.000,500.0,3.61
ARSEN INDUSTRIAL,2010-11-10 00:00:00.000,300.0,3.42
ARSEN INDUSTRIAL,2010-11-10 00:00:00.000,600.0,3.57
ARSEN INDUSTRIAL,2010-11-10 00:00:00.000,800.0,3.45
ARSEN INDUSTRIAL,2010-11-10 00:00:00.000,300.0,2.63
ARSEN INDUSTRIAL,2010-11-10 00:00:00.000,500.0,2.72
ARSEN INDUSTRIAL,2010-11-10 00:00:00.000,300.0,3.35
RONELL,2010-11-10 00:00:00.000,200.0,0.19
RONELL,2010-11-10 00:00:00.000,36.0,4.85
RONELL,2010-11-10 00:00:00.000,72.0,4.85
RONELL,2010-11-10 00:00:00.000,144.0,4.85
RONELL,2010-11-10 00:00:00.000,72.0,4.85
RONELL,2010-11-10 00:00:00.000,108.0,4.85
RONELL,2010-11-10 00:00:00.000,48.0,3.85
RONELL,2010-11-10 00:00:00.000,144.0,3.85
RONELL,2010-11-10 00:00:00.000,192.0,3.85
RONELL,2010-11-10 00:00:00.000,96.0,3.85
RONELL,2010-11-10 00:00:00.000,300.0,1.23
RONELL,2010-11-10 00:00:00.000,12.0,11.69
RONELL,2010-11-10 00:00:00.000,200.0,0.36
RONELL,2010-11-10 00:00:00.000,200.0,0.39
RONELL,2010-11-10 00:00:00.000,30.0,29.6
RONELL,2010-11-10 00:00:00.000,60.0,16.95
RONELL,2010-11-10 00:00:00.000,900.0,1.83
RONELL,2010-11-10 00:00:00.000,72.0,1.16
RONELL,2010-11-10 00:00:00.000,60.0,1.12
RONELL,2010-11-10 00:00:00.000,50.0,0.72
RONELL,2010-11-10 00:00:00.000,100.0,1.2
RONELL,2010-11-10 00:00:00.000,1000.0,0.22
RONELL,2010-11-10 00:00:00.000,60.0,3.8
RONELL,2010-11-10 00:00:00.000,100.0,11.45
RONELL,2010-11-10 00:00:00.000,150.0,4.75
RONELL,2010-11-10 00:00:00.000,200.0,0.51
RONELL,2010-11-10 00:00:00.000,40.0,4.4
RONELL,2010-11-10 00:00:00.000,32.0,8.96
RONELL,2010-11-10 00:00:00.000,200.0,0.32
RONELL,2010-11-10 00:00:00.000,50.0,5.15
RONELL,2010-11-10 00:00:00.000,84.0,6.15
RONELL,2010-11-10 00:00:00.000,200.0,0.5
RONELL,2010-11-10 00:00:00.000,360.0,4.55
RONELL,2010-11-10 00:00:00.000,40.0,9.48
RONELL,2010-11-10 00:00:00.000,40.0,9.48
RONELL,2010-11-10 00:00:00.000,1500.0,0.31
RONELL,2010-11-10 00:00:00.000,1120.0,0.38
RONELL,2010-11-10 00:00:00.000,640.0,0.3
RONELL,2010-11-10 00:00:00.000,60.0,9.25
RONELL,2010-11-10 00:00:00.000,160.0,1.5
RONELL,2010-11-10 00:00:00.000,150.0,0.25
RONELL,2010-11-10 00:00:00.000,50.0,13.23
RONELL,2010-11-10 00:00:00.000,1000.0,0.24
RONELL,2010-11-10 00:00:00.000,200.0,0.32
RONELL,2010-11-10 00:00:00.000,150.0,0.37
RONELL,2010-11-10 00:00:00.000,160.0,0.32
RONELL,2010-11-10 00:00:00.000,500.0,0.17
RONELL,2010-11-10 00:00:00.000,42.0,14.75
RONELL,2010-11-10 00:00:00.000,300.0,0.28
RONELL,2010-11-10 00:00:00.000,20.0,7.4
RONELL,2010-11-10 00:00:00.000,30.0,11.38
RONELL,2010-11-10 00:00:00.000,60.0,1.55
RONELL,2010-11-10 00:00:00.000,75.0,3.97
RONELL,2010-11-10 00:00:00.000,60.0,2.16
RONELL,2010-11-10 00:00:00.000,50.0,0.57
RONELL,2010-11-10 00:00:00.000,50.0,0.36
RONELL,2010-11-10 00:00:00.000,60.0,3.95
RONELL,2010-11-10 00:00:00.000,300.0,0.62
RONELL,2010-11-10 00:00:00.000,60.0,27.45
RONELL,2010-11-10 00:00:00.000,20.0,11.25
RONELL,2010-11-10 00:00:00.000,32.0,21.12
RONELL,2010-11-10 00:00:00.000,208.0,8.98
RONELL,2010-11-10 00:00:00.000,100.0,1.15
RONELL,2010-11-10 00:00:00.000,7.0,7.25
RONELL,2010-11-10 00:00:00.000,159.0,7.25
RONELL,2010-11-10 00:00:00.000,20.0,1.3
RONELL,2010-11-10 00:00:00.000,20.0,1.3
RONELL,2010-11-10 00:00:00.000,30.0,8.75
RONELL,2010-11-10 00:00:00.000,200.0,1.55
RONELL,2010-11-10 00:00:00.000,71.0,15.84
RONELL,2010-11-10 00:00:00.000,300.0,4.12
RONELL,2010-11-10 00:00:00.000,30.0,11.25
RONELL,2010-11-10 00:00:00.000,20.0,9.75
RONELL,2010-11-10 00:00:00.000,18.0,17.9
RONELL,2010-11-10 00:00:00.000,40.0,12.25
RONELL,2010-11-10 00:00:00.000,100.0,0.83
RONELL,2010-11-10 00:00:00.000,250.0,1.94
RONELL,2010-11-10 00:00:00.000,50.0,4.75
RONELL,2010-11-10 00:00:00.000,20.0,16.25
RONELL,2010-11-10 00:00:00.000,100.0,2.65
"PORTER, INDUSTRIES",2010-11-10 00:00:00.000,78.0,20.0
"PORTER, INDUSTRIES",2010-11-10 00:00:00.000,50.0,7.5
"PORTER, INDUSTRIES",2010-11-10 00:00:00.000,50.0,2.0
"PORTER, INDUSTRIES",2010-11-10 00:00:00.000,200.0,11.2
"PORTER, INDUSTRIES",2010-11-10 00:00:00.000,50.0,12.65
"PORTER, INDUSTRIES",2010-11-10 00:00:00.000,100.0,12.65
"PORTER, INDUSTRIES",2010-11-10 00:00:00.000,1000.0,1.43
"PORTER, INDUSTRIES",2010-11-10 00:00:00.000,192.0,2.7
"PORTER, INDUSTRIES",2010-11-10 00:00:00.000,500.0,1.67
TANTIVY AUTOMOTIVE CO. LTD.,2010-11-10 00:00:00.000,120.0,12.48
TANTIVY AUTOMOTIVE CO. LTD.,2010-11-10 00:00:00.000,160.0,6.18
TANTIVY AUTOMOTIVE CO. LTD.,2010-11-10 00:00:00.000,32.0,22.65
TANTIVY AUTOMOTIVE CO. LTD.,2010-11-10 00:00:00.000,40.0,7.86
TANTIVY AUTOMOTIVE CO. LTD.,2010-11-10 00:00:00.000,80.0,4.35
TANTIVY AUTOMOTIVE CO. LTD.,2010-11-10 00:00:00.000,30.0,4.61
TANTIVY AUTOMOTIVE CO. LTD.,2010-11-10 00:00:00.000,60.0,5.35
TANTIVY AUTOMOTIVE CO. LTD.,2010-11-10 00:00:00.000,30.0,3.83
TANTIVY AUTOMOTIVE CO. LTD.,2010-11-10 00:00:00.000,60.0,1.27
TANTIVY AUTOMOTIVE CO. LTD.,2010-11-10 00:00:00.000,40.0,2.08
TANTIVY AUTOMOTIVE CO. LTD.,2010-11-10 00:00:00.000,50.0,2.1
TANTIVY AUTOMOTIVE CO. LTD.,2010-11-10 00:00:00.000,200.0,0.21
TANTIVY AUTOMOTIVE CO. LTD.,2010-11-10 00:00:00.000,120.0,2.94
TANTIVY AUTOMOTIVE CO. LTD.,2010-11-10 00:00:00.000,150.0,1.19
TANTIVY AUTOMOTIVE CO. LTD.,2010-11-10 00:00:00.000,100.0,0.3
TANTIVY AUTOMOTIVE CO. LTD.,2010-11-10 00:00:00.000,80.0,0.55
TANTIVY AUTOMOTIVE CO. LTD.,2010-11-10 00:00:00.000,100.0,0.54
TANTIVY AUTOMOTIVE CO. LTD.,2010-11-10 00:00:00.000,82.0,0.57
TANTIVY AUTOMOTIVE CO. LTD.,2010-11-10 00:00:00.000,40.0,9.15
TANTIVY AUTOMOTIVE CO. LTD.,2010-11-10 00:00:00.000,40.0,9.15
TANTIVY AUTOMOTIVE CO. LTD.,2010-11-10 00:00:00.000,40.0,2.62
TANTIVY AUTOMOTIVE CO. LTD.,2010-11-10 00:00:00.000,100.0,7.29
TANTIVY AUTOMOTIVE CO. LTD.,2010-11-10 00:00:00.000,200.0,9.82
TANTIVY AUTOMOTIVE CO. LTD.,2010-11-10 00:00:00.000,30.0,2.5
TANTIVY AUTOMOTIVE CO. LTD.,2010-11-10 00:00:00.000,100.0,1.96
TANTIVY AUTOMOTIVE CO. LTD.,2010-11-10 00:00:00.000,150.0,1.4
TANTIVY AUTOMOTIVE CO. LTD.,2010-11-10 00:00:00.000,30.0,8.41
TANTIVY AUTOMOTIVE CO. LTD.,2010-11-10 00:00:00.000,20.0,6.37
TANTIVY AUTOMOTIVE CO. LTD.,2010-11-10 00:00:00.000,152.0,10.04
TANTIVY AUTOMOTIVE CO. LTD.,2010-11-10 00:00:00.000,150.0,1.95
TANTIVY AUTOMOTIVE CO. LTD.,2010-11-10 00:00:00.000,150.0,1.95
TANTIVY AUTOMOTIVE CO. LTD.,2010-11-10 00:00:00.000,100.0,0.32
TANTIVY AUTOMOTIVE CO. LTD.,2010-11-10 00:00:00.000,40.0,1.19
TANTIVY AUTOMOTIVE CO. LTD.,2010-11-10 00:00:00.000,20.0,7.29
TANTIVY AUTOMOTIVE CO. LTD.,2010-11-10 00:00:00.000,306.0,0.68
TANTIVY AUTOMOTIVE CO. LTD.,2010-11-10 00:00:00.000,30.0,16.18
TANTIVY AUTOMOTIVE CO. LTD.,2010-11-10 00:00:00.000,150.0,2.04
TANTIVY AUTOMOTIVE CO. LTD.,2010-11-10 00:00:00.000,200.0,1.68
TANTIVY AUTOMOTIVE CO. LTD.,2010-11-10 00:00:00.000,150.0,6.32
TANTIVY AUTOMOTIVE CO. LTD.,2010-11-10 00:00:00.000,150.0,8.92
TANTIVY AUTOMOTIVE CO. LTD.,2010-11-10 00:00:00.000,30.0,38.99
TANTIVY AUTOMOTIVE CO. LTD.,2010-11-10 00:00:00.000,120.0,11.37
TANTIVY AUTOMOTIVE CO. LTD.,2010-11-10 00:00:00.000,200.0,11.37
TANTIVY AUTOMOTIVE CO. LTD.,2010-11-10 00:00:00.000,80.0,17.68
TANTIVY AUTOMOTIVE CO. LTD.,2010-11-10 00:00:00.000,78.0,15.31
TANTIVY AUTOMOTIVE CO. LTD.,2010-11-10 00:00:00.000,40.0,1.55
TANTIVY AUTOMOTIVE CO. LTD.,2010-11-10 00:00:00.000,45.0,15.04
TANTIVY AUTOMOTIVE CO. LTD.,2010-11-10 00:00:00.000,195.0,15.45
TANTIVY AUTOMOTIVE CO. LTD.,2010-11-10 00:00:00.000,151.0,15.41
TANTIVY AUTOMOTIVE CO. LTD.,2010-11-10 00:00:00.000,100.0,13.42
TANTIVY AUTOMOTIVE CO. LTD.,2010-11-10 00:00:00.000,80.0,1.28
TANTIVY AUTOMOTIVE CO. LTD.,2010-11-10 00:00:00.000,80.0,7.38
TANTIVY AUTOMOTIVE CO. LTD.,2010-11-10 00:00:00.000,60.0,10.98
TANTIVY AUTOMOTIVE CO. LTD.,2010-11-10 00:00:00.000,20.0,12.03
TANTIVY AUTOMOTIVE CO. LTD.,2010-11-10 00:00:00.000,100.0,8.08
TANTIVY AUTOMOTIVE CO. LTD.,2010-11-10 00:00:00.000,60.0,11.92
TANTIVY AUTOMOTIVE CO. LTD.,2010-11-10 00:00:00.000,100.0,9.2
TANTIVY AUTOMOTIVE CO. LTD.,2010-11-10 00:00:00.000,30.0,11.31
TANTIVY AUTOMOTIVE CO. LTD.,2010-11-10 00:00:00.000,50.0,5.6
TANTIVY AUTOMOTIVE CO. LTD.,2010-11-10 00:00:00.000,185.0,19.8
TANTIVY AUTOMOTIVE CO. LTD.,2010-11-10 00:00:00.000,20.0,28.04
TANTIVY AUTOMOTIVE CO. LTD.,2010-11-10 00:00:00.000,20.0,28.04
TANTIVY AUTOMOTIVE CO. LTD.,2010-11-10 00:00:00.000,10.0,17.9
TANTIVY AUTOMOTIVE CO. LTD.,2010-11-10 00:00:00.000,30.0,0.57
TANTIVY AUTOMOTIVE CO. LTD.,2010-11-10 00:00:00.000,30.0,0.57
TANTIVY AUTOMOTIVE CO. LTD.,2010-11-10 00:00:00.000,60.0,1.38
TANTIVY AUTOMOTIVE CO. LTD.,2010-11-10 00:00:00.000,60.0,0.89
TANTIVY AUTOMOTIVE CO. LTD.,2010-11-10 00:00:00.000,100.0,2.85
TANTIVY AUTOMOTIVE CO. LTD.,2010-11-10 00:00:00.000,50.0,6.27
TANTIVY AUTOMOTIVE CO. LTD.,2010-11-10 00:00:00.000,40.0,3.45
TANTIVY AUTOMOTIVE CO. LTD.,2010-11-10 00:00:00.000,50.0,8.22
TANTIVY AUTOMOTIVE CO. LTD.,2010-11-10 00:00:00.000,100.0,2.38
TANTIVY AUTOMOTIVE CO. LTD.,2010-11-10 00:00:00.000,30.0,2.1
TANTIVY AUTOMOTIVE CO. LTD.,2010-11-10 00:00:00.000,100.0,3.0
ZHEJIANG HENKO AUTO SPARE PARTS,2010-11-10 00:00:00.000,300.0,5.2
ZHEJIANG HENKO AUTO SPARE PARTS,2010-11-10 00:00:00.000,1000.0,6.33
ZHEJIANG HENKO AUTO SPARE PARTS,2010-11-10 00:00:00.000,400.0,6.34
ZHEJIANG HENKO AUTO SPARE PARTS,2010-11-10 00:00:00.000,100.0,5.74
ZHEJIANG HENKO AUTO SPARE PARTS,2010-11-10 00:00:00.000,100.0,5.2
ZHEJIANG HENKO AUTO SPARE PARTS,2010-11-10 00:00:00.000,50.0,9.93
ZHEJIANG HENKO AUTO SPARE PARTS,2010-11-10 00:00:00.000,100.0,6.73
ZHEJIANG HENKO AUTO SPARE PARTS,2010-11-10 00:00:00.000,50.0,6.73
ZHEJIANG HENKO AUTO SPARE PARTS,2010-11-10 00:00:00.000,200.0,6.73
ZHEJIANG HENKO AUTO SPARE PARTS,2010-11-10 00:00:00.000,100.0,7.08
ZHEJIANG HENKO AUTO SPARE PARTS,2010-11-10 00:00:00.000,200.0,5.74
ZHEJIANG HENKO AUTO SPARE PARTS,2010-11-10 00:00:00.000,100.0,9.31
ZHEJIANG HENKO AUTO SPARE PARTS,2010-11-10 00:00:00.000,400.0,9.31
ZHEJIANG HENKO AUTO SPARE PARTS,2010-11-10 00:00:00.000,200.0,6.73
ZHEJIANG HENKO AUTO SPARE PARTS,2010-11-10 00:00:00.000,50.0,5.97
ZHEJIANG HENKO AUTO SPARE PARTS,2010-11-10 00:00:00.000,20.0,6.79
ZHEJIANG HENKO AUTO SPARE PARTS,2010-11-10 00:00:00.000,30.0,9.9
ZHEJIANG HENKO AUTO SPARE PARTS,2010-11-10 00:00:00.000,20.0,12.55
ZHEJIANG HENKO AUTO SPARE PARTS,2010-11-10 00:00:00.000,20.0,14.83
TANTIVY AUTOMOTIVE CO. LTD.,2010-11-23 00:00:00.000,100.0,0.13
TANTIVY AUTOMOTIVE CO. LTD.,2010-11-23 00:00:00.000,100.0,0.13
TANTIVY AUTOMOTIVE CO. LTD.,2010-11-23 00:00:00.000,60.0,2.59
TANTIVY AUTOMOTIVE CO. LTD.,2010-12-13 00:00:00.000,300.0,1.68
TANTIVY AUTOMOTIVE CO. LTD.,2010-12-13 00:00:00.000,100.0,3.14
TANTIVY AUTOMOTIVE CO. LTD.,2010-12-13 00:00:00.000,30.0,3.46
TANTIVY AUTOMOTIVE CO. LTD.,2010-12-13 00:00:00.000,150.0,16.14
TANTIVY AUTOMOTIVE CO. LTD.,2010-12-13 00:00:00.000,301.0,0.82
TANTIVY AUTOMOTIVE CO. LTD.,2010-12-13 00:00:00.000,20.0,37.93
TANTIVY AUTOMOTIVE CO. LTD.,2010-12-13 00:00:00.000,150.0,5.6
TANTIVY AUTOMOTIVE CO. LTD.,2010-12-13 00:00:00.000,80.0,1.02
TANTIVY AUTOMOTIVE CO. LTD.,2010-12-13 00:00:00.000,40.0,1.29
TANTIVY AUTOMOTIVE CO. LTD.,2010-12-13 00:00:00.000,49.0,15.27
TANTIVY AUTOMOTIVE CO. LTD.,2010-12-13 00:00:00.000,120.0,3.12
TANTIVY AUTOMOTIVE CO. LTD.,2010-12-13 00:00:00.000,120.0,5.72
TANTIVY AUTOMOTIVE CO. LTD.,2010-12-13 00:00:00.000,15.0,19.8
TANTIVY AUTOMOTIVE CO. LTD.,2010-12-13 00:00:00.000,100.0,8.54
TANTIVY AUTOMOTIVE CO. LTD.,2010-12-13 00:00:00.000,45.0,12.93
TANTIVY AUTOMOTIVE CO. LTD.,2010-12-13 00:00:00.000,55.0,11.63
TANTIVY AUTOMOTIVE CO. LTD.,2010-12-13 00:00:00.000,20.0,13.29
TANTIVY AUTOMOTIVE CO. LTD.,2010-12-13 00:00:00.000,100.0,22.33
TANTIVY AUTOMOTIVE CO. LTD.,2010-12-13 00:00:00.000,50.0,0.93
TANTIVY AUTOMOTIVE CO. LTD.,2010-12-13 00:00:00.000,200.0,12.48
TANTIVY AUTOMOTIVE CO. LTD.,2010-12-13 00:00:00.000,199.0,1.47
TANTIVY AUTOMOTIVE CO. LTD.,2010-12-13 00:00:00.000,50.0,2.2
TANTIVY AUTOMOTIVE CO. LTD.,2010-12-13 00:00:00.000,500.0,1.55
